Jahr,ZH,"BE, JU",BE,LU,UR,SZ,OW,NW,GL,ZG,FR,SO,BS,BL,SH,AR,AI,SG,GR,AG,TG,TI,VD,VS,NE,GE,JU,unb./inc.,CH,Anee
1801,5860,,,3317,,,401,274,921,,,,496,1005,,1476,460,,,,,,4489,,1585,,,0,61400,1801
1802,6663,,,3488,,,412,321,1031,,,,560,1010,,1504,454,,,,,,5046,,1562,,,0,66700,1802
1803,6782,,,3506,,,399,321,850,,,,521,1032,,1472,446,,,,,,4486,,1581,,,0,64700,1803
1804,6571,,,3498,,,385,317,792,,,,531,949,,1485,490,,,,,,4618,,1606,,,0,64300,1804
1805,6668,,,3561,,,365,315,912,,,,512,1044,,1485,454,4851,,,,,4772,,1606,,,0,65600,1805
1806,6563,,,3340,,,388,296,832,,,,480,1053,,1495,471,5120,,,,,4529,,1594,,,0,63700,1806
1807,6268,,,3677,,,389,324,823,,2318,1618,471,979,,1566,459,5280,,,2823,,4479,,1572,,,0,63600,1807
1808,6515,,,3808,,,327,302,796,,,,494,1085,,1730,486,5473,,,2885,,4466,,1446,,,0,64900,1808
1809,6753,,,3807,,,359,302,867,,,1701,467,1084,,1650,489,5527,,,2988,,4572,,1566,,,0,66300,1809
1810,6603,,,3776,,,370,289,884,,,1697,487,1050,,1656,515,5347,,,2964,,4412,,1486,,,0,65100,1810
1811,6976,,,3861,,,381,306,950,,,1646,500,1090,,1689,506,5285,,,2966,,4350,,1480,,,0,66800,1811
1812,6985,,,3792,,,370,316,888,,,1746,513,1101,,1403,426,5315,,,2944,,4454,,1460,,,0,65700,1812
1813,6461,,,3562,,,341,266,872,,,1634,511,1087,,1294,376,5000,,,2989,,4427,,1408,,,0,62300,1813
1814,6672,,,3517,,,342,293,815,,,1665,421,1046,,1466,407,5025,,,2807,,4506,,1481,,,0,63500,1814
1815,6740,,,3775,,,373,335,924,,,1729,590,1277,,1696,473,5263,,,3106,,4593,,1567,,,0,67600,1815
1816,6702,,,3561,,,360,281,937,,,1550,511,1032,,1602,442,5279,,5153,2940,,4541,,1572,,,0,65100,1816
1817,5531,9592,,2785,,,348,272,721,,2152,1363,488,1005,,1082,300,3969,,4781,2371,,4067,,1378,,,0,53200,1817
1818,5195,9971,,2848,,,327,261,569,,2183,1503,480,981,,718,205,3145,,4712,2059,,3852,,1215,,,0,48800,1818
1819,7571,12306,,3702,,,383,299,941,,2533,1807,520,1204,,1371,391,5179,,5967,2897,,4553,,1420,,,0,67600,1819
1820,7466,12563,,3693,,,398,311,971,,2516,1765,497,1123,,1374,389,5310,,6008,3157,,4783,,1455,,,0,68300,1820
1821,7318,12129,,3602,,,383,302,947,,2493,,543,1142,,1387,433,5143,,6048,3066,,5139,,1381,,,0,67900,1821
1822,7148,11976,,3741,,1237,394,344,999,,2550,1738,503,1192,,1547,421,5342,,5838,2918,,5003,,1341,,,0,67500,1822
1823,7240,12607,,3766,,,403,355,995,,2599,1840,512,1179,,1525,432,5494,,6278,3000,,4972,,1422,,,0,68900,1823
1824,7325,12231,,3673,,,387,348,984,,2600,1869,487,1150,,1502,464,5351,,6134,2932,,5122,,1386,,,0,68600,1824
1825,7184,11802,,3531,,,364,352,1055,,2645,1734,517,1165,,1525,417,5343,,5767,2770,,5135,,1457,,,0,67100,1825
1826,7607,12719,,3590,391,,390,362,1055,,2675,,521,1192,,1547,451,5459,,6315,2903,,5166,,1434,,,0,70200,1826
1827,6901,12363,,3492,,,349,337,1035,,2518,,509,1226,,1363,457,5491,,6051,2806,,5205,,1453,,,0,67000,1827
1828,7142,12605,,3511,,1412,361,320,1047,,2665,,483,1194,,1468,432,5553,,6101,2780,,5373,,1588,,,0,68500,1828
1829,7132,12591,,3564,,1354,330,336,1043,,2643,1759,547,1216,,1428,422,5403,,5780,2585,,5247,,1526,,,0,67200,1829
1830,7204,13047,,3568,,,339,306,1042,,,,522,1269,,1526,426,5188,,6119,2842,,5437,,1635,,,0,68600,1830
1831,7286,12915,,3591,,,344,323,1097,,,1894,511,1292,,1442,392,5331,,6285,2735,,5312,,1618,,,0,69000,1831
1832,7205,12252,,3560,,,313,278,1042,,,1677,548,1195,,1247,360,4981,,5724,2604,,5237,,1550,,,0,66200,1832
1833,7613,12021,,3767,,,340,307,1053,,2687,1834,541,1263,,1357,389,5189,,5914,2623,,5450,,1595,1374,,0,69200,1833
1834,8041,13656.84378,,3693,,,316,305,1190,,2825,1886,558,1323,,1459,410,5327,,6208,2908,,5681,,1738,1408,,0,72600,1834
1835,8272,13814.88607,,3844,,,331,287,1107,,2802,1937,552,1350,,1439,411,5425,,6422,2962,,5555,,1852,1453,,0,74000,1835
1836,8194,14071.29036,,3928,,,319,311,1226,,2821,1970,534,1411,,1484,423,5338,,6304,2776,,5712,,1922,1532,,0,74000,1836
1837,8226,13859.09371,,3938,,,324,318,1206,,2803,1962,506,1335,,1497,398,5674,,6209,2944,,5434,,1898,1500,,0,74000,1837
1838,8209,13965.19203,,3939,,,332,307,1201,,2882,2066,580,1385,,1476,409,5572,,6321,3042,3431,5560,,1874,1502,,0,74500,1838
1839,7732,13871,,4081,,,358,325,1308,,2997,2102,568,1441,,1522,412,5696,,6479,2906,,5599,,2041,1467,,0,74100,1839
1840,7699,14466,,4206,385,1625,355,348,1334,,3082,1940,561,1467,1344,1535,452,5997,,6703,3026,,5497,,1971,1442,,0,75200,1840
1841,7531,15202,,4310,379,1617,415,329,1218,,3113,2196,580,1573,1474,1575,442,5918,,6805,3044,,5620,,2049,1473,,0,75500,1841
1842,7499,15090,,4332,363,1639,401,355,1335,,3029,2176,633,1591,1189,1477,405,5887,,6819,2948,,5614,,2119,1386,,0,75000,1842
1843,7509,15392,,4329,388,1608,416,338,1178,,3154,2174,669,1640,1288,1521,419,5926,,6834,3024,,5584,,2060,1423,,0,75200,1843
1844,6912,14305,,4061,339,1474,405,333,1117,501,,2105,648,1513,1182,1355,337,5600,,6578,2784,,5324,,2052,1206,,0,70200,1844
1845,6952,15700,,4026,368,1581,417,312,1086,501,,2206,656,1537,1184,1550,396,5727,,6822,2912,,5405,,2203,1283,,0,72000,1845
1846,6992,14916,,3804,391,1544,423,309,1088,491,,2077,645,1570,1146,1393,370,5543,,6352,2770,,5400,,2133,1337,,0,70300,1846
1847,6423,13146,,3286,333,1295,356,305,968,453,,1868,636,1422,1170,1216,346,4993,,5849,2540,,4974,,1826.331849,1309,,0,64000,1847
1848,6869,13907,,3689,354,1329,375,308,916,474,2735,1999,667,1561,1108,1248,335,4770,,6034,2665,,5049,,2120,1213,,0,66600,1848
1849,7438,15115,,3760,360,1377,403,309,1057,469,2904,2098,673,1599,1267,1386,308,5130,,6754,2945,,5584,,2063.190561,1283,,0,71700,1849
1850,7435,14967,,3614,367,1475,376,315,1149,465,2874,1746,764,1744,1193,1473,389,5158,2280,6757,2891,3427,5238,2273,2351,1279,,0,72000,1850
1851,7492,14690,,3174,379,1387,363,283,1111,460,2765,1743,744,1650,1151,1503,444,5295,2249,6234,2710,3321,5358,2341,2282,1371,,0,70500,1851
1852,7365,14051,,3275,371,1322,312,263,1152,477,2652,1930,798,1674,1133,1487,430,5371,2149,6153,2545,3407,5301,2415,2479,1477,,0,69200,1852
1853,7361,13543,,3131,373,1351,303,257,1080,463,2540,1811,804,1616,1054,1521,427,5259,,5797,2589,,5168,,2422,1475,,0,68800,1853
1854,7251,13424,,3019,334,1282,285,284,1055,484,2410,1788,813,1552,998,1554,447,5137,,5348,2312,,5123,,2650,1522,,0,67100,1854
1855,7001,12411,,2716,315,1156,258,231,961,429,2380,1683,806,1492,964,1413,414,4861,,4795,2392,,5207,,2514,1598,,0,64300,1855
1856,7455,14255,,3090,367,1277,302,283,1155,476,2754,1980,822,1774,1049,1616,318,5236,,5534,2623,,5520,,2824,1749,,0,70500,1856
1857,7433,14338,,3088,362,1276,246,280,1200,464,2611,2006,924,1779,1040,1664,457,5341,,5824,2589,,5448,2716,2827,1710,,0,71000,1857
1858,7738,15178,,3202,387,1433,318,276,1333,533,2769,2139,944,1892,1112,1640,493,5706,,6051,2642,,5898,2731,3142,1820,,0,75000,1858
1859,8046,16148,,3315,402,1555,316,333,1372,504,3159,2341,999,2039,1149,1771,529,5937,,6381,2862,,6191,2870,3322,2026,,0,79200,1859
1860,8149,15770,,3230,411,1571,337,306,1341,508,3051,2253,1147,1962,1218,1812,490,6051,,6112,2774,,6193,2764,3103,2019,,0,78800,1860
1861,8084,15570,,3297,416,1632,390,349,1317,511,3132,2272,1145,1933,1186,1723,499,5942,,5762,2723,,6182,,3123,2108,,0,78300,1861
1862,8408,15880,,3287,462,1670,349,351,1328,572,3237,2295,1235,1917,1202,1714,556,6084,,6015,2683,,6083,,3103,1753,,0,79400,1862
1863,8861,16744,,3506,453,1723,401,360,1409,575,3368,2358,1305,1992,1331,1677,496,6267,,6122,2904,,6250,2896,3204,1924,,0,82800,1863
1864,8950,16766,,3490,476,1644,391,372,1388,608,3295,2376,1392,1953,1330,1683,507,6067,,6319,2948,,6360,3060,3208,2029,,0,83300,1864
1865,8593,16896,,3506,524,1705,420,362,1405,622,3318,2420,1382,1973,1379,1531,467,5811,,6441,2831,,6325,2948,3196,1934,,0,81900,1865
1866,8898,16809,,3621,561,1804,442,367,1320,648,3460,2401,1338,1913,1393,1736,518,6387,,6271,2936,,6631,2980,3297,1880,,0,84500,1866
1867,8476,16879,,3573,544,1705,426,372,1277,611,3269,2364,1366,1780,1314,1670,494,6058,2690,5717,2794,3273,6338,2879,3239,2014,,0,81122,1867
1868,8288,16204,,3504,571,1644,426,351,1225,599,3128,2341,1380,1764,1209,1591,473,5546,2475,6085,2774,3325,6370,2851,3180,2047,,0,79351,1868
1869,8462,16790,,3725,628,1723,436,394,1275,571,3367,2410,1471,1802,1258,1672,453,5832,2465,6217,2766,3332,6588,2855,3186,2088,,0,81766,1869
1870,8661,17202,,3704,578,1699,426,374,1272,613,3395,2501,1515,1908,1278,1616,462,5740,2492,6216,2901,3403,6870,3016,3226,2232,,0,83300,1870
1871,8310,17192,,3827,588,1733,430,368,1161,635,3255,2419,1527,1829,1238,1690,473,5725,2539,5939,2930,3406,6329,2796,3299,1991,,0,81629,1871
1872,8845,17419,,3950,587,1619,432,386,1117,648,3591,2551,1700,1993,1271,1602,461,5681,2425,6168,2903,3497,6956,2981,3263,2267,,0,84313,1872
1873,8824,17121,,3945,564,1693,435,382,1096,613,3430,2627,1750,2004,1234,1641,487,6008,2337,6079,2943,3474,6856,2996,3428,2528,,0,84495,1873
1874,8919,17885,,4210,638,1622,419,372,1037,667,3711,2677,1960,2065,1377,1641,520,6214,2560,5891,3046,3430,7047,2906,3534,2570,,0,86918,1874
1875,9541,18827,,4553,608,1801,495,427,1144,700,3633,2873,2053,2163,1352,1878,544,6674,2453,6614,3166,3732,7298,3056,3627,2594,,0,91806,1875
1876,10094,18900,,4516,755,1777,515,392,1080,726,4074,2893,2004,2183,1397,1933,496,6986,2630,6680,3266,4288,7437,3214,3620,2739,,0,94595,1876
1877,10068,18801,,4293,651,1769,476,397,1061,690,3971,2849,2116,2174,1372,1876,476,6795,2553,6616,3150,4169,7369,2993,3532,2644,,0,92861,1877
1878,9989,18489,,4144,684,1653,448,358,1040,726,3864,2765,2178,2200,1344,1816,482,6809,2667,6126,3152,3969,7183,3265,3396,2679,,0,91426,1878
1879,9714,18100,,3929,733,1601,453,425,1048,754,3778,2635,2212,2172,1324,1862,499,6587,2481,5990,3118,3963,7211,3087,3348,2668,,0,89692,1879
1880,9503,17423,,3710,779,1584,424,361,942,707,3705,2517,2246,2081,1302,1902,464,6732,2520,5685,3018,4117,6840,2928,3433,2490,,0,87413,1880
1881,9673,18115,,3535,725,1549,383,336,898,689,3892,2632,2147,2022,1180,1863,474,6719,2637,5734,2926,4028,7196,3197,3424,2529,,0,88503,1881
1882,9394,17625,,3542,579,1521,364,355,897,687,3847,2499,2197,2003,1183,1790,447,6591,2475,5653,2870,3784,6864,2942,3466,2412,,0,85987,1882
1883,9211,17746,,3459,594,1426,388,339,834,629,3827,2543,2123,1912,1119,1839,421,6517,2470,5241,2871,3783,6989,3016,3498,2402,,0,85197,1883
1884,9211,17603,,3420,576,1440,333,366,805,636,3730,2606,2130,1979,1058,1788,439,6687,2406,5170,2859,3742,6936,3002,3564,2308,,0,84794,1884
1885,9119,17478,,3305,520,1401,348,375,846,595,3761,2507,2117,1974,1038,1818,423,6569,2355,5047,2847,3668,6799,3010,3477,2182,,0,83579,1885
1886,8805,17603,,3247,535,1459,343,337,844,580,3839,2694,2097,2063,1079,1757,420,6618,2388,5186,2834,3642,7030,3015,3489,2238,,0,84142,1886
1887,8963,17665,,3286,540,1452,362,326,849,593,3904,2715,2156,1959,1058,1880,448,6799,2380,5138,2849,3740,6873,3088,3417,2221,,0,84661,1887
1888,8964,17590,,3313,511,1485,358,382,906,557,3807,2678,2064,2113,1060,1823,458,6703,2343,5193,2835,3745,6801,3107,3408,2240,,0,84444,1888
1889,9084,17559,,3248,508,1379,385,402,837,561,3860,2700,2240,2046,1051,1716,462,6838,2347,5124,2769,3600,6882,3121,3315,2245,,0,84279,1889
1890,8841,17000,,3098,541,1345,340,363,825,547,3781,2709,2141,2021,1019,1637,456,6565,2330,5037,2609,3452,6657,2993,3204,2109,,0,81620,1890
1891,9640,17728,,3332,522,1460,369,377,843,566,3957,2920,2356,2113,1057,1744,439,6807,2345,5435,2841,3671,7015,3232,3464,2386,,102,86721,1891
1892,9728,18133,,3337,521,1419,369,375,845,551,3924,2873,2457,1980,1026,1573,467,6393,2429,5293,2784,3625,7119,3113,3505,2361,,65,86265,1892
1893,10252,18242,,3481,568,1483,327,393,848,645,4097,3044,2497,2058,1085,1564,471,6527,2406,5442,2835,3690,6985,3215,3452,2396,,97,88100,1893
1894,10569,17562,,3527,557,1519,350,367,817,656,3995,3002,2636,1956,1046,1559,463,6486,2421,5387,2840,3558,7058,3087,3483,2330,,86,87317,1894
1895,10965,17885,,3634,570,1521,323,383,859,674,3951,3129,2616,1931,1052,1446,451,6315,2382,5439,2785,3734,7120,3234,3378,2330,,77,88184,1895
1896,11806,18375,,3966,646,1569,364,388,775,709,4168,3090,2858,2021,1123,1503,465,6543,2449,5777,2857,3760,7381,3188,3394,2459,,40,91674,1896
1897,12156,18450,,3944,605,1637,374,396,833,694,4257,3303,3033,2063,1117,1563,443,6549,2457,5825,2806,3916,7521,3192,3465,2708,,62,93369,1897
1898,12556,18903,,4199,711,1732,379,422,793,686,4263,3326,3197,1982,1145,1489,476,6670,2415,5966,2869,3898,7768,3265,3439,2584,,51,95184,1898
1899,13020,18947,,4280,712,1727,394,409,778,750,4397,3450,3484,2178,1211,1567,481,6830,2519,6163,2986,4055,7849,3387,3501,2773,,46,97894,1899
1900,12787,18939,,4276,658,1721,425,424,805,706,4417,3478,3419,2104,1150,1513,454,6970,2562,6220,2972,4197,7770,3516,3413,2746,,53,97695,1900
1901,12926,19631,,4424,739,1773,438,433,819,710,4593,3537,3489,2225,1215,1525,471,7249,2747,6345,3157,4197,7929,3595,3610,2832,,26,100635,1901
1902,12375,19311,,4410,725,1758,471,416,749,732,4635,3457,3489,2114,1143,1641,507,7445,2745,6334,3096,4292,7995,3708,3551,2859,,35,99993,1902
1903,11768,18667,,4356,701,1709,467,384,767,684,4642,3343,3288,2111,1086,1614,473,7597,2691,6098,3065,4262,7707,3526,3373,2701,,39,97119,1903
1904,11661,18750,,4540,727,1697,466,411,786,717,4562,3360,3281,2059,1093,1620,491,7916,2746,6221,3202,4413,7693,3714,3356,2761,,57,98300,1904
1905,11725,18504,,4476,660,1683,459,421,781,711,4728,3378,3210,2013,1135,1572,487,7892,2811,6128,3241,4429,7818,3645,3320,2770,,60,98057,1905
1906,11843,18845,,4645,706,1677,484,396,783,680,4545,3610,3156,2051,1056,1565,473,8137,2788,6139,3297,4484,7865,3715,3288,2688,,55,98971,1906
1907,11568,18115,,4426,684,1641,512,394,746,680,4615,3447,3058,1982,1108,1595,444,8468,2892,6153,3329,4467,7682,3706,3304,2591,,89,97696,1907
1908,11890,18287,,4727,711,1617,477,420,765,710,4686,3614,3039,2030,1126,1609,460,8680,2911,6208,3423,4662,7561,3880,3277,2626,,72,99468,1908
1909,11616,18022,,4554,690,1593,477,422,800,700,4554,3410,3013,2032,1152,1515,463,8435,2891,6185,3483,4525,7317,3838,3005,2525,,79,97296,1909
1910,11419,17793,,4474,678,1555,471,396,731,735,4441,3415,2982,2124,1160,1562,436,8552,2973,6171,3459,4361,7339,3937,2938,2486,,81,96669,1910
1911,11103,17053,,4463,669,1534,493,415,669,687,4364,3310,2876,1970,1144,1467,427,8385,3014,6065,3470,4350,7091,3798,2724,2558,,86,94185,1911
1912,11484,17089,,4674,663,1472,499,365,677,718,4342,3554,2844,2034,1185,1418,435,8351,3028,6138,3507,4340,7173,3817,2692,2581,,91,95171,1912
1913,10896,16688,,4433,638,1442,431,389,730,664,4307,3624,2900,2072,1212,1397,428,8068,3034,5922,3302,4228,6803,3806,2537,2570,,82,92603,1913
1914,10207,16465,,4357,663,1471,484,378,678,707,4303,3551,2703,2106,1161,1307,405,7507,3065,5851,2996,4215,6691,3768,2478,2543,,68,90128,1914
1915,8436,14602,,3956,578,1352,379,337,569,612,3981,3051,2158,1734,947,1122,338,6172,2773,5258,2646,3794,5662,3366,2095,1976,,37,77931,1915
1916,8369,14464,,3785,622,1236,403,356,612,624,3887,3060,1942,1673,979,1046,365,6055,2645,4959,2583,3245,5548,3456,2049,1895,,27,75885,1916
1917,8450,14281,,3648,599,1269,413,304,565,574,3670,3063,1817,1629,938,1032,389,5644,2606,4964,2485,2896,5455,3337,2096,1961,,40,74125,1917
1918,8278,14055,,3875,595,1209,380,311,610,569,3693,3060,1678,1574,1026,957,344,5524,2603,4930,2480,2696,5120,3307,2011,1741,,32,72658,1918
1919,8561,14549,,3730,647,1246,426,326,621,586,3688,2769,1786,1549,1045,948,334,5694,2553,5157,2419,2683,5313,3441,2064,2041,,29,74205,1919
1920,9617,15677,,4084,648,1409,428,368,791,722,4017,3330,2167,1833,1181,1098,382,6607,2855,5734,2858,3248,6024,3737,2429,2345,,34,83623,1920
1921,9395,15624,,4199,698,1394,465,380,730,701,4080,3432,2061,1806,1090,1080,397,6473,2788,5882,2762,3239,6009,3805,2313,2340,,30,83173,1921
1922,8943,14604,,4109,695,1391,448,369,669,718,4031,3079,1911,1682,1071,962,376,5995,2673,5499,2557,3086,5851,3612,2098,2079,,28,78536,1922
1923,8823,14673,,4142,660,1461,474,400,666,673,4001,3165,1848,1591,946,970,376,5962,2692,5559,2555,2902,5488,3715,2010,1892,,50,77694,1923
1924,8644,14054,,4085,645,1465,417,376,692,653,3911,3027,1866,1739,924,999,387,5855,2507,5320,2619,2786,5316,3561,1914,1737,,65,75564,1924
1925,8748,13802,,4104,596,1444,410,375,652,657,3668,3150,1778,1728,945,947,363,5830,2474,5549,2562,2609,5145,3490,1808,1638,,37,74509,1925
1926,8779,13629,,4307,644,1396,415,396,640,676,3802,3146,1809,1672,865,840,321,5704,2448,5408,2592,2668,5002,3435,1706,1605,,58,73963,1926
1927,8691,12862,,4219,609,1348,420,370,646,655,3640,2999,1871,1516,840,810,363,5282,2386,5262,2452,2644,4770,3318,1611,1649,,50,71283,1927
1928,8825,12775,,4192,568,1387,405,375,559,693,3494,2866,1856,1630,877,784,357,5227,2437,5219,2409,2549,4960,3592,1627,1644,,25,71332,1928
1929,9307,12540,,4128,511,1381,425,367,622,652,3368,2959,1893,1579,839,705,321,5037,2306,5211,2372,2456,4887,3411,1569,1832,,37,70715,1929
1930,9550,12359,,4276,563,1356,446,366,641,704,3400,2949,2002,1620,845,670,346,5027,2496,5358,2385,2487,4801,3473,1611,1785,,34,71550,1930
1931,9431,11950,,4163,518,1352,475,367,610,723,3215,2889,1997,1555,893,658,314,4869,2380,5111,2265,2454,4783,3442,1580,1852,,5,69851,1931
1932,9257,11956,,4329,556,1439,467,342,609,692,3343,2916,2057,1588,776,668,313,4900,2330,5274,2265,2493,4834,3478,1497,1880,,1,70260,1932
1933,9047,11961,,4342,571,1417,464,368,626,720,3392,2906,1934,1531,803,614,326,4734,2377,4918,2224,2635,4670,3447,1372,1702,,3,69104,1933
1934,9232,11685,,4298,527,1422,437,331,548,644,3332,2868,2046,1490,770,638,286,4856,2334,5032,2302,2563,4643,3419,1349,1703,,2,68757,1934
1935,9209,11424,,4196,545,1404,405,352,585,680,3276,2739,2143,1416,770,675,302,4779,2374,4770,2194,2590,4534,3363,1447,1689,,0,67861,1935
1936,8801,11364,,4134,543,1370,421,356,556,667,3296,2749,2079,1428,788,632,276,4759,2309,4673,2190,2465,4511,3152,1276,1606,,0,66401,1936
1937,8364,10859,,4065,531,1277,376,355,508,641,3132,2607,1984,1305,777,591,268,4544,2434,4492,2181,2339,4220,3079,1236,1619,,0,63784,1937
1938,8686,11104,,4012,540,1301,437,321,543,655,3223,2755,1859,1347,801,666,269,4772,2381,4642,2202,2372,4328,3044,1238,1656,,0,65154,1938
1939,8766,11352,,4007,487,1310,410,337,531,674,3163,2726,2078,1361,872,638,255,4646,2362,4546,2160,2308,4193,3088,1294,1689,,0,65253,1939
1940,9154,11349,,4077,621,1235,388,366,525,632,3034,2650,2135,1340,855,605,256,4651,2243,4465,2222,2303,4306,3093,1305,1647,,0,65457,1940
1941,10643,12843,,4370,597,1350,433,380,580,719,3378,2982,2436,1539,988,637,269,5258,2417,5085,2402,2434,4805,3307,1518,1912,,0,73282,1941
1942,11606,14189,,4533,699,1426,472,444,675,815,3366,3253,2600,1699,1088,742,277,5710,2623,5579,2670,2570,5496,3476,1817,2377,,0,80202,1942
1943,12230,14874,,4692,715,1595,503,502,667,808,3632,3314,2713,1679,1078,764,275,6011,2772,5877,2815,2624,6129,3814,1932,2429,,0,84444,1943
1944,12639,15767,,4820,788,1484,543,529,680,815,3588,3443,2680,1842,1096,790,253,6183,2912,6044,2870,2731,6235,3928,1878,2519,,0,87057,1944
1945,13034,16281,,4896,782,1586,570,549,731,842,3738,3638,2804,1969,1189,865,274,6487,3016,6309,3006,2833,6201,3895,2025,2449,,0,89969,1945
1946,13040,16598,,4925,710,1659,545,515,725,873,3890,3691,2704,1875,1167,846,252,6374,2983,6303,3112,2823,6470,3956,1994,2507,,0,90537,1946
1947,12712,16407,,4896,735,1638,528,513,721,847,3757,3623,2705,1940,1159,864,286,6324,3059,6166,2984,2686,6175,4058,2006,2360,,0,89149,1947
1948,12577,16263,,4983,787,1641,579,539,756,897,3664,3655,2790,1997,1120,885,256,6456,2991,6301,3032,2657,5962,4108,1949,2437,,0,89282,1948
1949,12281,15712,,4900,693,1558,548,522,792,879,3456,3522,2838,2010,1054,805,250,6387,2925,6305,3019,2601,5638,3897,1850,2309,,0,86751,1949
1950,12491,15677,,4888,708,1589,516,514,743,920,3484,3558,2827,1948,1064,772,250,6215,2826,6418,2947,2552,5425,3792,1829,2271,,0,86224,1950
1951,12174,14898,,4641,698,1564,517,478,754,892,3313,3418,2838,1915,989,721,245,6156,2680,6263,2836,2477,5161,3582,1820,2186,,0,83216,1951
1952,12758,15064,,4874,735,1533,480,489,706,913,3244,3484,2903,2049,1027,758,225,6231,2744,6388,2901,2482,5243,3596,1807,2196,,0,84830,1952
1953,12811,15012,,4800,714,1585,545,501,678,888,3067,3423,2802,2084,1012,768,237,6062,2685,6364,2902,2493,5198,3392,1945,2331,,0,84299,1953
1954,13031,14965,,4893,707,1622,531,490,741,915,3171,3592,2788,2180,996,736,239,6205,2593,6529,2852,2309,5175,3476,1946,2365,,0,85047,1954
1955,13747,14987,,5049,707,1559,509,475,639,941,2978,3686,2871,2240,990,755,259,6148,2613,6581,2948,2389,5291,3638,1991,2580,,0,86571,1955
1956,14146,15342,,5058,757,1574,500,479,658,927,3103,3868,3055,2494,1075,700,235,6386,2656,6797,3024,2478,5447,3568,2060,2727,,0,89114,1956
1957,14967,15315,,5462,726,1686,497,480,669,983,3095,3819,3286,2608,1072,796,243,6518,2574,7169,2974,2568,5683,3812,2136,2982,,0,92120,1957
1958,15254,15527,,5328,744,1678,469,476,678,1051,3076,3831,3289,2750,1030,741,249,6403,2754,7058,2920,2600,5685,3722,2133,3123,,0,92569,1958
1959,15544,15446,,5435,746,1697,495,502,676,1022,3000,3990,3324,2793,1117,775,242,6553,2806,6989,3063,2739,5773,3914,2139,3308,,0,94088,1959
1960,15985,15594,,5530,745,1804,459,495,716,1052,2988,3856,3369,2932,1098,768,284,6612,2804,7333,3078,2698,5709,3991,2135,3426,,0,95461,1960
1961,17358,16082,,5729,673,1847,512,499,653,1163,3230,4028,3360,3252,1264,790,274,6945,2926,7699,3266,2784,6231,4031,2114,3714,,0,100424,1961
1962,18183,16664,,6039,778,1911,525,516,744,1181,3262,4301,3469,3415,1188,906,283,7299,2854,8194,3554,3095,6749,4104,2327,4050,,0,105591,1962
1963,18981,17409,,6196,764,2014,510,525,741,1287,3378,4253,3684,3580,1299,874,317,7687,3055,8682,3767,3479,7231,4407,2600,4530,,0,111250,1963
1964,19113,17452,,6440,793,2115,530,569,776,1448,3497,4413,3648,3689,1283,898,301,7809,3104,9076,3883,3848,7533,4294,2740,4915,,0,114167,1964
1965,18726,17308,,6286,786,2040,513,557,760,1377,3524,4275,3479,3698,1298,907,277,7866,3074,8973,3748,3963,7709,4308,2717,4847,,0,113016,1965
1966,18255,17046,,6203,779,2065,496,542,760,1428,3390,4197,3302,3731,1324,910,269,7662,3089,8678,3666,4038,7342,4126,2715,4826,,0,110839,1966
1967,17984,16868,,5891,669,1980,466,518,697,1411,3275,3992,3231,3709,1261,831,245,7554,3029,8696,3612,3860,7354,4081,2636,4637,,0,108487,1967
1968,17312,16659,,5733,681,1880,501,510,696,1417,3338,3915,3036,3651,1187,807,256,7438,2949,8576,3413,3862,7140,4003,2610,4628,,0,106198,1968
1969,16790,16164,,5625,688,1887,507,505,653,1412,3219,3800,2856,3719,1178,779,275,7297,2853,8058,3271,3886,7125,3815,2555,4565,,0,103482,1969
1970,16448,15426,,5257,629,1779,455,500,599,1217,3134,3757,2659,3594,1108,747,228,7001,2806,7745,3195,3779,6958,3866,2618,4597,,0,100102,1970
1971,15742,14909,,5165,613,1758,439,479,591,1254,3012,3575,2468,3478,1072,721,239,6762,2747,7256,3016,3696,7112,3832,2571,4584,,0,97091,1971
1972,14655,14360,,4796,636,1647,433,402,533,1234,3049,3235,2346,3374,947,660,242,6126,2543,6826,2823,3470,7067,3823,2436,4471,,0,92134,1972
1973,13880,13627,,4501,608,1536,408,434,524,1232,2905,3043,2091,3206,936,622,222,6036,2445,6520,2782,3432,6823,3718,2358,4294,,0,88183,1973
1974,13572,13099,,4224,597,1588,401,455,498,1083,2777,3015,2037,3036,874,629,215,5729,2282,6488,2663,3295,6755,3518,2181,4099,,0,85110,1974
1975,12605,12092,,4046,542,1413,392,432,510,1025,2539,2839,1931,2808,794,581,196,5336,2138,6144,2460,3012,6172,3243,2038,3742,,0,79030,1975
1976,12223,11565,,3860,517,1389,379,403,435,981,2423,2677,1672,2571,833,571,199,5041,2161,5630,2287,2793,5648,3001,1846,3630,,0,74735,1976
1977,11868,11274,,3821,520,1314,378,428,450,949,2336,2445,1697,2554,781,567,168,4972,2045,5541,2255,2711,5673,3047,1744,3714,,0,73252,1977
1978,12039,11141,,3752,471,1329,362,413,417,955,2170,2402,1648,2465,739,559,180,4893,1992,5410,2280,2609,5556,2838,1631,3559,,0,71810,1978
1979,12056,11057,10272,3646,503,1434,375,374,451,996,2277,2519,1630,2412,709,583,180,5066,2085,5593,2321,2578,5454,2825,1657,3617,785,0,72398,1979
1980,12406,11208,10398,3809,488,1426,394,420,490,983,2274,2458,1711,2494,781,609,178,5264,2063,5815,2393,2549,5702,2932,1625,3550,810,0,74022,1980
1981,12382,11407,10650,3764,439,1364,403,454,493,971,2287,2598,1650,2458,802,631,191,5131,2148,6049,2426,2454,5536,2920,1579,3583,757,0,74120,1981
1982,12550,11431,10626,4015,448,1463,404,407,470,989,2282,2602,1883,2641,834,692,220,5306,2090,5954,2540,2478,5572,2878,1489,3644,805,0,75282,1982
1983,12340,11151,10411,3934,442,1437,350,463,511,932,2266,2569,1712,2515,781,644,221,5226,2132,5808,2503,2440,5594,2899,1520,3630,740,0,74020,1983
1984,12259,11146,10377,4055,467,1433,399,444,533,979,2399,2574,1760,2562,774,692,217,5288,2162,6026,2607,2382,5685,2873,1552,3794,769,0,75062,1984
1985,12328,11154,10408,3899,427,1429,400,478,486,1032,2412,2516,1727,2568,801,671,210,5346,2162,5838,2698,2326,5821,2959,1631,3710,746,0,75029,1985
1986,12457,11341,10520,4098,493,1503,403,452,468,1048,2529,2455,1809,2545,778,701,223,5353,2184,5894,2679,2470,6173,3004,1646,3948,821,0,76654,1986
1987,12374,11170,10397,4087,476,1475,398,472,486,1057,2464,2496,1763,2553,830,637,201,5505,2172,5965,2719,2445,6481,3038,1695,3883,773,0,76842,1987
1988,12542,11877,11073,4200,439,1554,427,487,518,1058,2601,2717,1781,2618,853,694,231,5579,2269,6252,2907,2437,6969,3267,1814,4254,804,0,80345,1988
1989,12789,11729,10906,4262,448,1509,413,470,504,1121,2774,2715,1736,2619,873,721,222,5697,2283,6465,2914,2591,7212,3291,1873,4281,823,0,81512,1989
1990,12956,12216,11359,4533,487,1658,412,499,459,1073,2933,2853,1852,2589,823,699,252,5842,2254,6481,2990,2767,7697,3582,2010,4412,857,0,84329,1990
1991,13118,12322,11447,4633,449,1626,429,525,527,1074,3085,2824,1971,2510,861,741,245,6152,2356,6590,3075,2904,8211,3577,1997,4755,875,0,86557,1991
1992,13230,12423,11499,4665,483,1695,419,519,511,1124,3172,2814,1927,2613,858,775,261,6035,2441,6636,3027,2960,8076,3799,2077,4707,924,0,87247,1992
1993,12873,11674,10840,4576,454,1674,413,479,473,1088,3124,2788,1995,2462,851,760,261,5679,2293,6295,2946,2982,7700,3515,2079,4676,834,0,84110,1993
1994,12813,11444,10587,4369,446,1670,396,468,509,1146,3113,2650,1993,2573,872,697,234,5690,2098,6263,2926,3121,7683,3505,1944,4643,857,0,83266,1994
1995,12861,11265,10415,4416,444,1711,402,445,461,1147,3066,2558,1861,2593,814,694,215,5467,2148,6253,2893,3077,7697,3414,1989,4648,850,0,82539,1995
1996,13027,11191,10359,4501,452,1662,384,443,471,1178,3152,2661,1963,2629,796,676,221,5514,2184,6294,2840,3099,7730,3428,1947,4873,832,0,83316,1996
1997,12937,10652,9835,4271,410,1665,400,429,436,1181,3029,2619,1828,2587,822,652,230,5276,2021,6216,2766,3065,7562,3225,2007,4634,817,0,80920,1997
1998,12919,10468,9609,4064,413,1526,405,431,427,1188,3042,2493,1793,2582,724,649,201,5330,2050,5934,2574,3062,7438,3163,1908,4473,859,0,79257,1998
1999,12966,10434,9602,4184,409,1555,395,418,391,1103,2943,2527,1732,2561,744,591,190,5185,2038,5800,2500,2972,7465,3074,1901,4607,832,0,78685,1999
2000,13244,10206,9401,3909,417,1579,381,421,383,1219,2930,2437,1697,2492,695,563,185,5135,2021,5789,2566,3067,7618,3002,1939,4846,805,0,78741,2000
2001,12483,9413,8641,3488,347,1372,339,370,365,1107,2863,2204,1539,2346,621,504,176,4720,1770,5276,2208,2725,7077,2883,1841,4537,772,0,72574,2001
2002,12781,9283,8534,3553,369,1437,326,377,333,1071,2695,2245,1596,2306,637,468,185,4737,1650,5418,2253,2911,6810,2698,1828,4660,749,0,72627,2002
2003,12815,9128,8437,3455,338,1530,319,377,371,1163,2826,2173,1626,2295,672,458,162,4658,1698,5496,2160,2741,6869,2655,1792,4377,691,0,72154,2003
2004,13298,9427,8736,3492,351,1516,342,374,333,1105,2793,2200,1610,2273,606,459,151,4572,1667,5582,2236,2760,7092,2664,1722,4733,691,0,73358,2004
2005,13344,9310,8626,3459,317,1466,306,380,333,1149,2760,2219,1636,2276,631,448,151,4355,1536,5518,2116,2792,7222,2825,1835,4826,684,0,73210,2005
2006,13591,9289,8600,3604,346,1427,352,372,359,1160,2817,2065,1623,2253,603,448,155,4394,1541,5557,2218,2799,7401,2779,1810,4750,689,0,73713,2006