IF,IG,IH,IM,PROT,CATH,ISRA,GER,FR,ITA,ROM,ED1,ED2,ED3,SINGL1,SINGL2,MORT,DECM10,DECM50,DECM.1,DECIG10,DECIG.6,WL.WL65,WLEXAGR.W65,ALT.1,ALT.2,ALT.3,MAGR,MIND,WAGR,WIND,PROPWAGR,PROPWIND,PROPWOTH,PROPWTO,TAGR,TIND,ENTERPR,COTTENTERPR,AGRENTERPR,IND.ENTERPR,COMM.ENTRPR,TRANS.ENTERPR,ADM.ENTERPR,HOTEL.ENTERPR,WCOTTAGE,SEX1900,CBR,CDR,CMR,NGR,TGR,SEX1910,BORNCOM,BORNFOR,COTTIND,SIZHOLD,SIZLOT,TOTHOLD,PRFIELD,PRMEADO,PRVINE,PRMAGR,PRMIND,PRWAGR,PRWIND,PRAGRIC,PRIND,WAGRIENT,WINDENT,WLFENT,TRANSP,ADMINI,COMBINE,LABEL,Key,Canton,District1,District2,
223,418,14,517,84600,15200,0,97100,400,2500,0,37000,4000,51000,77700,13100,112,1877500,1912100,1916200,1878900,1870300,559,452,56000,44000,0,522,372,192,685,169,505,390,356,405,483,214,157,497,364,107,17,14,38,100,955,22,17,-3,5,2,946,49080,4620,45,6335,501,79,90,659,11,60960,30470,38840,51570,50650,40310,35750,59640,46620,2020,2370,4390,L101,101,Zurich,Affoltern,,
288,561,19,497,87900,11900,200,96900,600,2400,0,40000,4000,61000,78800,24200,110,1874900,1901900,1914100,1884700,1905700,584,177,97000,3000,0,525,370,696,193,426,226,372,359,587,307,195,8,667,195,95,26,17,38,4,982,24,18,-2,6,3,1021,56390,7450,3,4935,192,39,333,399,69,69040,21940,80460,9790,74270,16380,49610,27390,45800,2650,3870,6520,L201,102,Zurich,Andelfingen,,
292,566,19,499,91200,8400,200,97000,100,2500,0,34000,6000,46000,77900,17600,129,1876500,1906800,1919800,1889400,1905400,616,337,95000,5000,0,432,455,453,441,377,359,353,366,440,450,195,53,608,261,99,20,13,38,32,974,25,16,-1,9,8,973,55130,5930,18,5128,262,51,247,505,46,53570,36340,57740,33550,55500,35050,48200,44360,46330,2960,2580,5540,L301,103,Zurich,Bulaech,,
313,555,24,543,90300,9400,100,97700,400,1700,100,27000,9000,46000,78900,9200,138,1876100,1907100,1919900,1885800,1906200,634,218,95000,5000,0,559,345,656,220,377,247,400,340,592,302,206,24,676,201,82,25,15,40,17,1082,25,17,0,8,8,1102,51810,4900,10,5959,260,44,221,506,44,70500,20730,82780,8260,75710,15440,46380,22690,42420,2920,3010,5920,L401,104,Zurich,Dielsdorf,,
218,434,14,485,83200,16600,100,97100,400,2400,100,35000,6000,52000,78700,13400,127,1874900,1901400,1919300,1884900,1860000,546,511,23000,77000,0,280,617,64,819,119,438,400,370,200,692,194,228,385,448,137,16,13,50,115,927,22,16,-1,6,5,914,42870,6020,54,6205,897,145,13,662,2,34240,57020,25470,64130,30290,60230,37900,47980,45060,2190,2650,4840,L501,105,Zurich,Hinwil,,
214,436,16,472,78400,20900,0,95100,700,3900,100,37000,6000,53000,80200,22500,127,1876900,1907400,1918100,1882600,1872300,501,487,90000,10000,0,198,631,29,807,77,420,352,362,137,695,139,262,246,551,164,17,22,53,94,859,25,15,3,10,13,895,37200,10310,31,6203,1536,248,15,780,28,23500,63820,14050,74490,19230,68650,33080,49110,45260,3420,3640,7060,L601,106,Zurich,Horgen,,
203,417,16,466,88000,11600,0,96900,700,1800,100,46000,6000,55000,77500,20400,117,1877100,1911500,1915800,1883300,1860000,416,368,79000,21000,0,357,475,114,651,127,384,391,313,281,530,200,189,385,428,149,21,17,45,100,905,20,17,8,3,11,907,37560,8340,38,4463,659,148,16,611,133,44350,43630,32530,51500,39440,46900,34310,45660,41590,2860,5080,7940,L701,107,Zurich,Meilen,,
225,453,13,481,92900,6900,0,98200,400,1400,0,36000,6000,49000,79200,16800,141,1875700,1905400,1921400,1901400,1860000,595,477,0,100000,0,440,456,198,699,214,481,376,377,348,548,263,235,474,406,93,16,11,33,170,929,21,17,-2,4,2,932,51680,4200,84,6090,490,81,83,590,2,51520,39100,38230,52910,45130,45740,40730,55620,48080,2950,2320,5270,L801,108,Zurich,Pfaeffikon,,
230,468,17,472,85700,13900,0,95000,500,4400,100,37000,4000,53000,80100,13300,138,1875000,1904500,1920700,1903500,1860000,519,423,87000,13000,0,385,506,186,688,212,431,391,358,314,571,227,272,409,457,109,13,11,39,159,879,22,16,3,6,9,914,42740,8360,52,5840,428,73,93,605,9,48570,43390,35710,55200,42210,49220,41810,55420,49430,1900,2960,4850,L901,109,Zurich,Uster,,
233,442,19,506,82400,16300,200,95900,700,3000,100,43000,5000,66000,77400,11200,119,1876200,1907900,1917000,1882300,1882500,427,330,81000,19000,0,181,633,226,526,346,260,362,298,195,601,127,66,431,332,190,22,24,70,23,1003,24,14,2,10,11,1001,36480,10960,12,5938,345,58,183,529,36,21980,63500,40090,39710,27910,55710,47040,23340,32750,4100,4320,8420,L1001,110,Zurich,Winterthur,,
201,391,47,447,65000,30600,2300,90800,1700,5500,200,54000,3000,68000,80200,17000,135,1875000,1904000,1919900,1885400,1874300,388,378,99000,1000,0,49,567,26,470,180,258,356,296,42,538,10,97,105,491,322,19,62,96,18,921,26,14,13,12,25,964,32770,25660,16,5738,438,76,120,634,52,6650,59570,9520,51350,7530,57050,38680,27510,30570,6890,7800,14690,L1101,111,Zurich,Zurich,,
359,638,31,539,94100,5400,200,94400,900,4600,0,38000,3000,16000,71400,16500,118,1880200,1913000,1917700,1903700,1914000,311,194,36000,64000,0,466,441,375,325,169,157,447,201,447,417,163,25,604,255,102,21,18,31,9,1072,28,17,-1,11,10,1124,50810,5110,9,7196,728,101,352,476,0,60800,30990,76340,10790,66560,23510,42500,17010,37060,2400,3070,5470,L102,201,Berne,Aarberg,,
333,641,25,500,97900,1900,100,99300,400,200,0,31000,8000,16000,75300,13600,121,1878800,1914300,1917900,1906300,1913500,395,306,39000,61000,0,414,445,226,558,177,331,376,283,361,477,167,57,481,370,115,16,18,26,19,988,28,15,-7,13,5,987,56260,1710,35,5367,822,153,355,513,0,53690,35900,62060,26060,57070,31930,43890,32930,40350,2820,3450,6260,L202,202,Berne,Aarwangen,,
233,493,28,441,88600,8800,900,92900,4100,2000,100,52000,3000,35000,79300,21000,120,1875900,1905300,1917500,1902600,1904400,336,315,0,100000,0,134,491,61,441,152,262,343,283,113,477,91,29,244,441,235,25,55,53,4,906,28,15,12,12,24,927,40420,7330,9,10075,2422,240,265,536,0,20600,49690,28800,36590,23160,45600,38860,25080,31250,7920,11870,19790,L302,203,Berne,Berne,,
203,402,21,479,80900,15900,1500,65200,31800,2400,0,58000,3000,47000,79000,13900,146,1878900,1912300,1923000,1891100,1894800,392,389,98000,2000,0,31,670,9,657,111,308,337,312,24,666,112,254,63,664,212,15,46,70,39,949,25,15,-3,11,8,920,33510,7690,53,6654,673,101,202,708,24,5080,70810,3930,67470,4690,69690,28100,32460,33530,7630,5350,12970,L402,204,Berne,Biel,,
353,629,20,546,97300,2600,0,97000,2100,900,0,37000,2000,22000,71200,10100,124,1876400,1909600,1919400,1905600,1912100,415,293,100000,0,0,402,502,293,497,215,272,452,274,372,501,183,50,577,299,86,21,16,27,25,1031,30,17,-6,13,7,1041,57420,1470,37,4865,339,70,392,557,2,57480,35590,66300,22270,61080,30150,44330,30170,40840,2520,2900,5420,L502,205,Berne,Bueren,,
320,642,25,479,97400,2300,200,98700,800,400,0,40000,5000,21000,74000,16400,131,1875600,1915200,1921900,1904800,1913900,372,286,0,96000,4000,408,439,231,502,168,290,384,263,362,455,125,9,463,356,140,17,24,33,3,1021,29,15,-10,14,5,1016,47480,1520,6,10282,1564,152,320,438,0,47640,40090,57170,28100,51040,35810,40000,28020,35710,3410,3850,7260,L602,206,Berne,Burgdorf,,
250,513,11,476,87400,11900,100,18400,79900,1600,0,26000,8000,24000,76500,11100,139,1882900,1913300,1923000,1895500,1905000,431,404,63000,37000,0,210,665,63,758,117,336,390,308,165,694,147,273,324,534,105,22,15,40,100,986,27,15,-15,12,-3,968,50850,3300,66,15319,1678,110,74,800,0,28170,63030,30070,56290,28820,60700,36030,32030,34540,2650,3440,6080,L702,207,Berne,Courtelary,,
356,694,18,499,20400,78900,400,25100,72500,2400,0,26000,9000,24000,74000,15300,154,1895200,1921000,1923800,1899500,1918800,368,268,10000,90000,0,378,435,271,462,193,262,323,250,351,442,186,135,549,311,98,21,21,37,68,1040,33,19,-2,14,11,1031,55030,6400,35,9738,597,61,146,726,0,49350,34540,61310,24780,53790,30920,42310,29750,37120,6920,4360,11270,L802,208,Berne,Delemont,,
348,652,20,519,97800,2100,0,95600,3800,400,0,33000,6000,18000,73800,16000,149,1882200,1921400,1923800,1913300,1914100,436,187,100000,0,0,694,228,570,233,210,249,450,245,663,229,193,23,712,177,81,18,11,29,15,1160,28,17,-5,11,6,1154,57870,1290,10,6464,310,48,355,539,24,79090,16100,82850,9000,80520,13400,39100,25520,38000,1980,4270,6240,L902,209,Berne,Erlach,,
367,754,13,477,7000,92900,0,5300,93600,1100,0,23000,8000,19000,82100,18300,159,1896000,1927100,1928200,1907400,1927100,423,328,2000,61000,37000,421,461,226,530,163,294,427,266,369,479,194,155,510,369,82,29,10,38,76,1084,34,18,-14,15,1,1063,57700,5020,103,13604,945,69,246,625,0,50260,41620,63450,23760,55310,34770,43970,26180,38330,3100,4020,7120,L1002,210,Berne,Franches-Mnt,,
343,668,24,496,98100,1800,0,98700,700,600,0,37000,5000,29000,77900,13100,130,1895200,1925900,1923000,1911700,1915900,341,219,39000,61000,0,500,398,359,354,177,210,455,230,467,387,165,4,569,281,112,17,21,26,2,1058,28,16,-10,12,2,1077,47660,1480,3,8139,747,92,341,473,0,61740,31240,76830,9800,67460,23110,43180,16080,37920,2260,4760,7020,L1102,211,Berne,Fraubrunnen,,
401,715,33,539,72900,24400,0,73800,800,24000,0,31000,6000,12000,65900,15700,161,1876400,1922200,1922800,1902700,1921000,388,263,0,85000,15000,296,601,322,317,191,103,434,179,301,550,202,1,680,167,102,41,11,43,0,1120,29,14,27,14,42,1413,54730,24970,1,9594,1893,197,6,856,0,66710,18300,62780,9870,65050,14730,40840,28360,42320,2770,2250,5030,L1202,212,Berne,Frutigen,,
303,573,20,511,95500,4200,100,97300,900,1500,0,32000,5000,18000,75400,15000,124,1877100,1916800,1920200,1902600,1908200,361,305,0,78000,22000,341,332,156,337,129,249,336,246,296,333,202,83,480,218,143,53,105,63,8,1038,30,16,-2,13,11,1029,65360,3450,22,17759,2756,155,7,926,0,38240,23750,35880,12490,37320,19370,37400,25080,38900,8430,8860,17300,L1302,213,Berne,Interlaken,,
328,701,15,456,99100,800,0,99000,800,200,0,37000,3000,14000,78800,20100,109,1876800,1913900,1915500,1911800,1920000,347,217,0,100000,0,550,340,373,374,182,266,430,248,506,348,163,13,556,306,107,18,13,17,4,1046,27,15,-7,13,6,1044,43880,810,7,8204,1639,200,239,529,0,61620,29530,73180,14820,66060,23880,42560,23850,38420,2590,4440,7030,L1402,214,Berne,Konolfingen,,
344,689,22,483,12600,87000,300,92200,2800,4900,0,37000,6000,37000,79900,13300,140,1889100,1915600,1921000,1882000,1922300,389,303,85000,15000,0,322,540,220,563,182,253,338,245,297,546,184,25,620,196,134,35,14,51,16,1063,31,18,-2,13,11,1094,59600,9240,3,4398,192,44,309,633,1,55830,34280,56840,30160,56220,32700,38810,35400,38380,4330,3450,7770,L1502,215,Berne,Laufen,,
354,632,32,536,97400,2200,100,97500,1000,1400,0,32000,4000,14000,72700,14200,115,1879200,1911400,1918300,1904200,1913100,313,185,25000,75000,0,606,304,410,339,154,232,429,213,564,312,162,1,585,254,119,22,20,27,0,1125,29,15,-16,14,-3,1078,54970,1850,6,8610,1029,120,350,483,0,67050,25120,73740,16630,69680,21780,41650,30060,39360,2390,2690,5080,L1602,216,Berne,Laupen,,
344,663,22,502,66400,33100,100,29000,67800,3200,0,24000,8000,17000,73100,14900,132,1894300,1921700,1922300,1903100,1914900,438,389,13000,83000,4000,278,608,113,718,144,328,382,293,230,640,169,151,510,346,99,32,13,35,68,1020,34,17,0,17,17,1020,46080,5780,57,10778,779,72,112,760,0,37480,55990,44420,43780,40080,51420,41510,31890,37450,3070,3320,6390,L1702,217,Berne,Moutier,,
257,557,11,450,92500,6600,200,20700,77300,1500,0,33000,4000,19000,78700,16000,120,1888700,1912500,1917300,1904700,1907300,321,267,53000,47000,0,516,343,167,428,106,312,510,267,423,366,181,79,514,319,117,21,30,31,21,949,26,19,-8,7,-1,897,54760,4530,37,8966,557,62,127,783,36,54790,32930,59350,24810,56510,29870,39570,31290,37670,2360,6440,8810,L1802,218,Berne,Neuveville,,
344,586,28,567,94900,4600,0,92600,6700,700,0,40000,3000,19000,70800,9000,137,1878700,1916200,1920000,1896800,1909100,364,267,98000,2000,0,348,474,266,496,211,268,319,259,327,480,155,79,546,299,119,22,14,37,27,1031,32,18,-9,14,5,1023,47960,2390,21,4424,374,84,345,559,28,47340,34860,66430,19110,54530,28930,45870,24880,37660,7090,3170,10260,L1902,219,Berne,Nidau,,
263,606,13,421,97800,2100,0,99200,400,400,0,34000,3000,16000,84300,14800,97,1877200,1920400,1907600,1903700,1910800,478,285,0,69000,31000,561,204,404,287,238,379,363,302,514,229,231,127,550,221,91,55,82,39,60,1036,23,14,-11,9,-3,1033,72530,1590,57,14617,2757,189,9,902,0,51810,20930,59340,10060,55040,16260,46300,26570,42940,6040,9070,15110,L2002,220,Berne,Oberhasle,,
285,597,20,459,10100,89400,400,7500,91200,1300,0,24000,9000,23000,78400,15800,164,1893700,1918500,1927500,1906500,1909800,448,367,76000,24000,0,403,421,180,554,166,371,404,309,334,462,193,142,525,330,110,19,15,43,51,1012,29,20,-12,8,-4,966,62540,8750,76,7659,378,49,250,657,0,56120,32720,62030,24300,58510,29310,42910,33560,40480,3270,5290,8560,L2102,221,Berne,Porrentruy,,
380,681,18,547,98100,1800,0,97400,1600,1000,0,27000,7000,13000,69200,13300,131,1877800,1920000,1920700,1912000,1917900,382,199,0,0,100000,664,206,479,262,193,296,398,249,618,220,252,0,685,180,90,36,9,25,0,1038,29,17,-5,12,8,1059,74110,2220,1,34741,8700,250,2,919,0,73800,14900,80710,6510,76660,11430,43530,23530,41340,3060,3310,6370,L2202,222,Berne,Saanan,,
462,839,43,527,99700,300,0,99900,100,0,0,27000,10000,6000,69100,13500,140,1877800,1926400,1929000,1919400,1933000,387,121,0,75000,25000,704,214,687,165,248,206,377,252,700,201,163,3,706,196,74,15,9,19,2,1055,36,18,-16,17,1,1071,75610,320,2,10502,2536,242,96,819,0,81330,14090,85680,6260,83230,10670,44960,25630,43670,1520,2420,3940,L2302,223,Berne,Schwarznburg,,
389,738,24,511,99500,400,0,99600,300,100,0,28000,6000,12000,69800,19100,127,1879100,1919800,1920400,1911900,1922200,359,172,0,100000,0,611,310,521,257,218,214,480,247,589,297,164,6,658,224,87,17,12,20,3,1065,29,19,-5,11,6,1074,53320,720,7,7246,1359,188,290,591,0,74340,19010,79190,8410,76320,14690,42300,23340,40760,1560,2840,4400,L2402,224,Berne,Seftigen,,
375,754,24,481,99300,700,0,99600,200,200,0,30000,7000,15000,70600,17700,119,1882000,1921300,1918300,1914800,1925300,414,209,0,100000,0,604,281,495,322,236,302,375,274,574,293,151,9,576,287,113,12,12,19,4,1036,30,15,-15,16,0,1042,59880,680,2,12285,6006,489,128,607,0,66040,24420,73840,14750,69240,20460,43700,29540,40970,2320,2900,5220,L2502,225,Berne,Signau,,
318,601,26,507,97900,2000,0,98600,700,600,0,29000,4000,16000,67900,19500,105,1876800,1917600,1912700,1901700,1910100,328,227,0,100000,0,604,260,308,300,133,258,463,231,535,269,196,2,648,222,88,30,12,32,0,1107,27,16,-13,11,-2,1038,64190,2340,2,14881,3325,223,16,952,0,63340,24400,71470,6200,66530,17270,42080,14070,39170,4480,4450,8930,L2602,226,Berne,N.,Simmental,
343,626,22,530,98500,1400,100,98700,500,800,0,32000,5000,10000,70800,13800,135,1880300,1930000,1922700,1903300,1912400,327,209,0,53000,47000,629,228,362,300,139,270,398,219,571,244,221,2,665,188,106,26,14,28,2,1042,29,18,-6,11,4,1059,73200,1800,2,18613,3863,208,2,912,0,71330,17910,77940,5070,73830,13050,40010,14740,37900,4220,3360,7580,L2702,227,Berne,O.,Simmental,
340,657,22,501,97300,2300,100,98300,1000,500,0,36000,6000,18000,74100,14800,121,1877700,1919700,1921400,1906300,1914200,352,246,0,89000,11000,398,417,301,348,207,224,397,257,373,400,154,3,579,248,130,20,22,36,1,1008,30,16,-4,15,10,994,53060,1930,2,7298,1719,235,112,727,0,46840,27610,64370,14610,53000,23050,42650,22260,35110,3810,6480,10290,L2802,228,Berne,Thun,,
341,704,17,472,99200,700,0,99500,300,200,0,36000,6000,10000,74800,18900,122,1878400,1916800,1917900,1903100,1919800,465,292,0,100000,0,564,340,372,469,217,367,410,296,507,378,196,177,434,459,84,12,11,17,85,1046,28,15,-11,14,3,1044,59780,640,81,8835,2878,326,256,521,0,64910,28350,66620,24250,65610,26680,41440,37100,40810,3170,2660,5830,L2902,229,Berne,Trachselwald,,
342,648,25,509,97900,1900,100,99000,800,200,0,34000,5000,26000,74800,17100,122,1884400,1918700,1917300,1895300,1914700,393,296,89000,11000,0,440,448,249,521,180,311,442,279,386,468,186,74,524,342,99,18,16,25,42,1030,29,17,-11,12,1,1000,55480,1450,26,5874,571,97,341,511,0,58970,32380,61860,26520,60180,29930,43000,37070,41830,2480,3650,6130,L3002,230,Berne,Wangen,,
377,842,18,437,7100,92900,0,99500,200,300,0,21000,13000,29000,81300,17800,130,1880200,1923600,1923300,1935000,1946000,256,156,0,100000,0,720,190,389,366,100,285,359,171,663,220,213,147,583,312,79,17,9,12,100,1073,30,18,-9,12,3,1102,67560,1180,16,15742,5825,370,26,706,0,73960,18660,70910,18130,72650,18430,41920,42240,42940,2080,3070,5150,L103,301,Lucerne,Entelbuch,,
320,739,13,424,4800,95000,0,97000,500,2400,0,47000,4000,61000,82400,18300,118,1874100,1897300,1918600,1878500,1925900,312,271,58000,42000,0,581,323,131,566,56,318,455,210,486,374,181,61,564,288,111,17,20,22,39,1069,27,17,8,10,17,1085,40360,3670,17,9926,1345,136,128,668,2,63220,29510,72030,16610,66560,24620,41000,25550,37890,2660,4290,6950,L203,302,Lucerne,Hochdorf,,
240,497,23,458,14500,84100,600,92500,1400,5600,100,43000,4000,58000,79800,20400,125,1876600,1913800,1919600,1878200,1885100,341,328,80000,20000,0,203,467,38,489,64,273,339,264,160,473,111,22,307,371,248,29,45,77,8,982,27,15,10,12,22,952,35660,10930,5,10276,3264,318,27,721,0,23380,45120,25150,35000,23970,41720,35210,28160,33570,8340,6540,14880,L303,303,Lucerne,Luzern,,
364,764,16,465,4700,85200,0,98800,400,800,0,35000,7000,46000,78700,20800,116,1877200,1913400,1918400,1902000,1940000,266,219,0,100000,0,631,269,177,533,58,302,389,179,550,317,198,106,514,346,109,16,15,19,79,1074,28,18,-2,9,7,1082,48890,1570,18,9759,1434,147,190,639,1,68080,24520,64980,24680,66840,24580,38810,40080,39930,2080,3500,5580,L403,304,Lucerne,Sursee,,
367,801,18,446,11900,88000,0,99100,200,700,0,31000,8000,41000,81300,18200,132,1877200,1917300,1924200,1911000,1940000,247,185,26000,74000,0,682,228,249,458,72,297,408,174,607,268,187,80,566,297,104,17,16,17,52,1039,29,19,-5,9,4,1068,51580,1330,19,9880,1615,163,218,582,0,74150,18880,73440,16710,73860,17990,41070,38370,41300,2010,3790,5800,L503,305,Lucerne,Willisau,,
373,802,12,457,5700,94100,0,94600,300,4700,300,25000,11000,20000,79400,25400,137,1886000,1922500,1925400,1907900,1933000,331,259,43000,46000,11000,451,282,218,357,119,261,307,218,401,299,166,24,569,193,176,43,20,77,16,1041,33,18,-4,15,12,1069,65840,5520,5,20050,7227,360,0,876,0,53350,20600,57020,12480,54750,17500,39760,27220,38170,11930,5810,17740,L4,401,Uri,Uri,,
283,618,9,449,1300,98700,0,98900,500,500,100,45000,4000,35000,83000,31800,165,1874000,1910600,1926900,1876300,1916900,488,453,0,100000,0,423,364,72,584,80,450,451,338,305,438,238,354,299,524,140,19,17,56,270,947,28,19,-10,9,-1,978,77930,4800,92,11108,1678,151,2,754,0,46420,39990,24780,46310,35770,43100,34100,52890,49220,3170,6920,10090,L105,501,Schwyz,Einsiedeln,,
276,697,27,371,2700,96500,0,88900,100,10800,100,44000,3000,40000,82800,25400,173,1874900,1917700,1929500,1884400,1940000,659,636,100000,0,0,334,527,35,736,82,546,589,463,196,624,138,96,383,345,218,34,19,103,29,857,32,19,5,13,18,828,64960,12060,22,9558,5269,551,0,940,0,38610,38800,15710,52110,27120,45480,29080,57510,50190,1920,3230,5140,L205,502,Schwyz,Gersau,,
314,649,7,479,7100,92900,0,98600,300,800,200,26000,11000,24000,76200,20500,129,1877700,1905300,1919400,1918700,1917500,489,453,42000,58000,0,485,365,75,739,66,484,365,316,355,483,212,157,435,358,173,23,11,93,102,984,27,17,-4,10,6,1005,56030,3560,26,7373,2027,275,5,738,18,66260,22980,33440,45600,52200,32670,27440,59790,42840,5780,2000,7780,L305,503,Schwyz,Hoefe,,
324,627,19,503,4600,95100,0,94600,1900,3100,100,31000,7000,29000,71600,16500,132,1874900,1914900,1917700,1877300,1917200,296,281,100000,0,0,482,374,51,418,24,208,467,191,400,383,165,49,440,306,211,24,19,83,31,1232,28,18,0,11,10,1126,49130,9380,8,12148,3651,301,4,777,0,57620,27910,47020,21190,53990,25610,29800,28320,34220,3820,8040,11860,L405,504,Schwyz,Kuessnacht,,
306,618,11,486,5100,94800,0,98300,0,1600,100,35000,10000,22000,71900,17100,137,1888800,1916200,1919600,1885500,1913300,512,457,90000,10000,0,513,377,106,698,90,469,460,323,382,481,222,129,500,308,152,27,12,63,91,951,28,19,-1,8,7,981,63780,3800,36,8818,2371,269,4,822,0,61140,29050,43660,42590,53440,35010,35960,53550,44020,2640,2470,5100,L505,505,Schwyz,March,,
288,649,8,436,3700,96300,0,95600,500,3600,200,27000,8000,18000,80800,24400,122,1879100,1918400,1919000,1883800,1919200,433,394,32000,58000,10000,469,311,91,559,78,439,409,303,354,387,206,206,391,411,152,29,16,61,149,982,29,18,-7,11,5,975,62020,5650,45,13688,4510,329,0,781,0,50210,26020,31930,37490,42440,30890,31960,51560,42480,6700,7190,13890,L605,506,Schwyz,Schwyz,,
345,762,9,447,3000,97000,0,97500,400,1900,100,41000,2000,11000,82000,24200,96,1874800,1906500,1907200,1881100,1929500,375,291,49000,38000,13000,568,277,226,352,118,300,480,253,481,296,242,162,539,325,97,21,17,32,86,1008,29,17,0,12,12,1036,69940,3820,14,13873,4409,318,1,893,0,62180,21260,55050,17410,59090,19590,40350,38490,43320,3870,6390,10260,L6,601,Schwyz,Obwalden,,
351,744,7,467,1700,98300,0,97400,300,2300,0,41000,3000,24000,77200,24400,100,1875900,1906100,1910000,1885500,1946000,346,302,69000,31000,0,493,325,127,447,80,316,439,251,401,356,210,158,462,351,132,32,23,40,112,960,30,17,-7,13,5,984,63120,4260,20,17633,4953,281,0,879,0,58960,22580,46400,25310,53620,23740,36780,45320,42510,4500,6470,10970,L7,701,Schwyz,Nidwalden,,
217,435,13,483,72000,27900,0,95300,200,3900,200,44000,6000,37000,71700,19700,130,1876000,1908500,1919700,1879900,1860000,577,546,55000,45000,0,263,569,54,785,119,477,388,398,180,655,176,98,356,392,196,30,26,67,43,868,23,17,-3,6,3,864,62800,6950,18,15137,1424,94,3,840,0,29920,57740,18400,64730,24940,60760,31880,46030,43210,3340,3770,7110,L8,801,Schwyz,Glarus,,
261,597,14,424,9100,90700,0,93700,800,5100,100,38000,2000,42000,80100,21700,117,1874200,1896400,1917100,1882000,1909700,382,353,69000,31000,0,375,463,77,577,74,326,452,280,291,495,167,168,368,434,146,27,24,49,79,945,26,16,2,10,12,964,47500,8510,16,11167,2638,236,34,737,0,42280,42940,34520,44040,39350,43350,33120,38360,37760,4340,7360,11710,L9,901,Schwyz,Zug,,
399,803,28,478,6300,93700,0,7000,92200,600,0,41000,4000,11000,74000,16500,188,1898800,1928400,1935000,1914100,1940000,323,223,53000,47000,0,749,163,309,363,109,396,524,228,649,209,191,15,691,182,88,24,15,23,6,1030,32,22,-7,10,3,1015,60830,2940,5,7284,462,63,320,587,5,80490,13610,80850,8130,80640,11300,42390,30420,42280,2050,5570,7630,L110,1001,Fribourg,Broye,,
405,891,19,442,1900,98000,100,3800,95400,700,0,41000,4000,11000,81100,22500,248,1884600,1925400,1935000,1921000,1940000,325,206,0,100000,0,701,186,366,336,129,338,429,221,627,219,190,34,628,224,102,28,18,22,27,1036,34,22,-7,12,4,1059,53010,2400,8,8504,1560,183,188,740,0,72730,18780,75970,12150,74080,16020,42700,31590,41640,2820,4910,7730,L210,1002,Fribourg,Glane,,
360,764,21,456,2700,97100,100,7000,90800,2100,0,44000,3000,10000,75400,25400,165,1876600,1916100,1929400,1910200,1927600,392,329,0,96000,4000,575,281,161,573,97,439,415,277,460,362,194,112,534,315,107,30,14,29,87,1028,34,19,-5,14,9,999,59890,3520,36,14391,2855,198,20,913,0,58330,31540,53800,33280,56440,32270,39860,43130,41810,3770,4580,8350,L310,1003,Fribourg,Gruyere,,
312,730,24,408,8600,90900,300,22400,74000,2200,100,40000,4000,26000,78700,26100,193,1884300,1920400,1928100,1910200,1926100,353,304,0,100000,0,390,331,137,394,119,314,392,278,320,348,124,58,473,310,159,29,29,43,22,992,32,20,4,12,16,1005,42970,9890,13,9826,1850,188,214,720,0,44170,37530,55750,22820,48090,32560,39220,23720,33830,5460,12090,17550,L410,1004,Fribourg,Sarine,,
376,716,32,503,67600,32100,200,67300,32200,400,0,33000,4000,12000,75600,16100,152,1879600,1914500,1925100,1914500,1922200,436,207,54000,46000,0,666,237,526,262,236,302,457,280,627,244,181,6,656,196,110,21,16,31,2,1017,29,19,-11,11,-1,1045,54700,1860,3,6851,454,66,326,590,15,73840,19280,74920,13290,74280,16840,40970,32040,40610,2540,3380,5910,L510,1005,Fribourg,See,,
488,1003,33,469,16300,83700,0,95400,4000,600,0,28000,7000,5000,76300,22800,157,1878200,1921400,1928100,1918000,1940000,453,225,0,100000,0,730,206,503,337,215,393,500,284,665,243,162,50,673,226,79,14,8,15,44,1044,38,20,-7,18,11,1072,55420,1260,35,10083,2841,282,211,689,1,76820,18850,79850,11920,78090,15940,42920,31390,41980,1520,3050,4570,L610,1006,Fribourg,Sense,,
430,849,17,497,700,99300,0,1800,97200,1000,0,41000,2000,15000,71900,20300,170,1888600,1922500,1935000,1923500,1940000,258,201,0,100000,0,668,238,221,440,70,298,453,186,585,275,193,65,634,247,89,17,12,21,48,1062,37,23,-8,14,5,1020,68980,2960,23,9684,2053,212,56,838,0,73440,19970,75670,14180,74370,17550,42540,33790,41810,2170,4370,6530,L710,1007,Fribourg,Veveyse,,
386,708,15,536,12800,87100,0,98600,500,900,0,34000,5000,33000,77700,15800,126,1879100,1910000,1917600,1903900,1921100,449,323,56000,44000,0,408,449,280,573,220,344,296,291,371,485,213,83,596,268,102,21,13,31,23,946,32,18,-6,14,7,987,71580,1900,33,4778,515,108,283,676,0,68030,23560,70740,17970,69340,20860,49210,41540,48240,5380,2170,7550,L111,1101,Solothrn,Balsthal-Gau,,
414,738,14,553,16300,83500,0,97800,1100,1100,0,41000,3000,40000,72500,7800,141,1879100,1914100,1921100,1904600,1921200,397,317,56000,44000,0,311,613,202,655,176,261,383,248,284,623,181,58,618,232,105,31,14,44,25,1062,36,17,-3,20,17,1058,66210,2710,38,9934,1543,155,82,729,0,36410,58500,55990,31290,42690,49770,42060,20160,32070,1530,2410,3930,L211,1102,Solothrn,Balsthal-Thl,,
351,627,35,535,97600,2100,0,98600,1100,300,0,35000,4000,30000,79400,16400,112,1880300,1907900,1917500,1905100,1913700,429,175,74000,26000,0,617,312,592,221,261,207,492,270,610,287,229,7,597,274,80,31,17,29,6,1029,26,17,-11,8,-3,1050,55010,650,5,6104,434,71,374,516,0,76240,18450,80710,8070,78190,13930,44980,25250,43570,1340,2440,3790,L311,1103,Solothrn,Bucheggberg,,
326,614,23,513,9300,90600,0,96500,1900,1500,0,33000,5000,51000,76300,13100,147,1883000,1916000,1921800,1902800,1911600,435,298,58000,42000,0,456,418,314,529,209,327,323,277,417,449,125,33,523,296,145,20,15,51,30,1020,29,19,-2,11,8,1051,69850,6230,42,4354,252,58,287,587,13,32950,61340,40710,47190,35900,55960,43120,32070,38030,3060,3710,6770,L411,1104,Solothrn,Dorneck,,
352,687,15,502,18100,81500,200,96700,400,2800,0,34000,4000,24000,78800,13000,106,1875400,1902300,1913400,1885900,1916800,497,416,92000,8000,0,276,541,162,746,216,393,191,319,240,606,270,109,576,289,93,29,13,34,66,963,31,16,0,15,15,987,61870,4720,31,5600,533,95,237,667,1,66340,24860,69720,17260,67860,21440,46220,36210,44990,8790,1890,10680,L511,1105,Solothrn,Goesgen,,
378,693,27,527,46000,53700,0,95200,900,3800,0,39000,4000,25000,67200,8300,142,1880300,1917700,1925000,1907400,1916200,443,395,74000,26000,0,218,677,107,750,177,327,373,305,184,699,258,107,630,272,72,19,7,26,30,996,37,17,-6,20,14,998,47820,5070,9,5118,573,112,349,623,0,73430,20570,68620,23230,71170,21820,45290,50000,46970,2560,2860,5420,L611,1106,Solothrn,Kriegstetten,,
335,614,23,529,38200,61100,200,90200,6800,2800,0,34000,2000,39000,68800,9100,143,1888300,1923100,1924600,1896700,1911100,867,790,83000,17000,0,214,702,88,791,170,358,415,331,172,732,185,141,584,306,79,22,9,34,78,993,34,17,5,17,22,1023,50420,4000,46,7009,784,112,229,703,0,67450,26350,66030,23290,66800,24960,45060,42540,45590,1480,2250,3730,L711,1107,Solothrn,Lebern,,
266,528,13,491,34000,65400,100,95800,1000,2900,0,49000,4000,50000,76300,11500,104,1875400,1901900,1912500,1885900,1906000,401,364,92000,8000,0,168,486,92,654,190,366,239,300,145,537,139,97,430,355,166,21,27,64,36,925,28,14,7,14,21,934,45050,6170,14,4489,610,136,245,623,1,20080,48360,29890,56190,23650,51210,46060,39990,36450,15940,3750,19690,L811,1108,Solothrn,Olten,,
192,479,10,389,42400,55900,600,92600,5500,1500,0,63000,0,78000,82300,27200,87,1888300,1906200,1907200,1896700,1904700,391,386,83000,17000,0,53,610,12,489,97,285,424,332,39,570,151,166,455,377,133,13,21,65,74,885,22,15,9,6,15,865,35300,7380,16,9836,3175,323,142,842,0,28610,65660,31010,56330,29540,62050,40640,35140,38710,4510,13330,17850,L911,1109,Solothrn,Solothurn,,
380,858,15,432,6400,93500,0,98000,1700,200,0,31000,6000,26000,81400,18400,130,1883000,1912300,1919700,1920900,1940000,843,593,58000,42000,0,539,378,296,598,192,406,352,301,466,444,112,80,74,563,291,15,57,92,69,972,30,19,-6,12,6,1016,72960,2260,62,6642,536,81,106,716,0,8320,69700,7030,56770,7960,66080,24710,24040,27980,1700,2260,3960,L1011,1110,Solothrn,Thierstein,,
188,378,30,454,63100,34000,1900,93900,2500,3000,100,45000,4000,47000,80200,19300,114,1879700,1908100,1916400,1885000,1885100,358,357,100000,0,0,18,533,4,572,86,321,293,305,14,545,9,84,23,545,338,17,77,95,15,870,25,13,7,12,19,869,40680,31340,8,14219,2236,157,391,588,1,2140,58450,1370,64470,1910,60260,21690,32260,30160,9680,8510,18200,L112,1201,B.,Stadt,Basel-Stadt,
196,480,16,388,85000,14700,0,97400,900,1400,0,45000,4000,47000,85200,27200,121,1875600,1901200,1918000,1877900,1903000,471,375,100000,0,0,284,413,205,288,304,296,503,377,254,366,94,17,500,285,153,42,21,63,4,948,21,15,12,6,17,898,38060,27290,1,5952,213,36,390,434,31,56630,30290,62780,13880,58860,24340,38640,20660,36230,4020,19510,23530,L212,1202,B.,Stadt,Basel-Land,
317,576,35,520,50800,48300,500,91600,2100,6000,0,32000,7000,39000,73700,13100,137,1878500,1906100,1920300,1886900,1908700,394,361,100000,0,0,191,567,83,702,140,317,250,273,161,604,117,46,465,326,159,25,25,72,15,1050,31,15,3,16,19,998,44910,17870,6,4688,221,47,400,482,23,41470,47330,49580,26250,44440,39610,40880,24300,36650,7430,3640,11080,L113,1301,Basellnd,Arlesheim,,
297,639,17,450,87100,12500,300,95700,1000,3200,0,40000,4000,40000,82200,23400,134,1875000,1901500,1921900,1897000,1913000,466,421,99000,1000,0,268,551,99,716,147,379,325,319,214,604,167,204,445,404,112,19,20,42,138,945,28,17,1,10,11,998,52510,7720,128,4296,377,88,236,623,16,39780,47550,29670,55990,35590,51050,34530,45430,41420,3820,4320,8140,L213,1302,Basellnd,Liestal,,
235,552,7,418,95200,4600,100,98700,800,500,0,34000,5000,26000,85900,16400,117,1876700,1907000,1918100,1899100,1906500,604,552,66000,34000,0,458,433,85,828,101,536,327,377,317,582,275,337,438,464,69,20,9,26,384,965,24,15,-8,9,2,961,61440,2460,285,4838,501,104,220,646,7,53890,36360,28440,62110,42350,48040,30460,58630,45350,2720,2060,4780,L313,1303,Basellnd,Sissach,,
257,608,7,416,96400,3600,0,97800,1700,500,0,35000,6000,24000,87800,15100,125,1878500,1909300,1918900,1889000,1910800,643,604,32000,68000,0,435,505,60,845,75,495,485,370,297,631,294,377,433,492,50,18,6,23,549,978,24,15,-8,9,1,1013,65160,1940,370,6292,1123,179,162,672,3,52320,42170,21070,68010,37960,54040,25490,57810,45930,1510,1960,3460,L413,1304,Basellnd,Waldenburg,,
310,592,23,504,95300,4700,0,99800,200,0,0,46000,5000,46000,85100,10400,141,1874800,1907300,1920100,1893200,1908800,510,107,100000,0,0,619,276,790,95,378,140,344,322,674,217,276,1,705,176,85,21,13,25,1,919,24,18,-12,6,-6,947,74460,4160,1,3653,194,53,393,443,76,76380,16510,91500,2260,83460,9830,51360,10770,46850,1820,3840,5660,L114,1401,Schfhaus,"Klettgau,Obr",,
295,519,24,548,93800,6100,0,98300,300,1400,0,54000,3000,46000,68200,9300,140,1875100,1910200,1924300,1879200,1897900,714,161,100000,0,0,637,276,774,127,470,252,449,421,695,213,303,6,708,177,79,23,14,37,6,842,25,19,-6,6,0,882,72440,5540,5,3127,233,74,352,463,147,76710,16640,90580,2660,83760,9530,54960,14160,50820,1300,3610,4900,L214,1402,Schfhaus,"Klettgau,Unt",,
314,603,22,502,84700,15100,0,90300,800,7300,0,28000,4000,24000,77600,19100,145,1877000,1916700,1923000,1888700,1911000,486,169,65000,35000,0,492,426,651,193,330,145,414,271,535,363,252,4,668,175,97,47,13,40,3,1034,22,15,-2,7,5,1174,59790,15360,2,5249,216,41,423,362,30,59180,34750,81970,8850,68350,24330,48240,14630,40220,2000,3530,5520,L314,1403,Schfhaus,Reiath,,
265,502,32,496,72000,27500,100,94000,800,4800,0,47000,3000,55000,75500,17900,130,1875500,1905100,1919400,1890700,1903100,354,297,92000,8000,0,126,680,161,488,310,202,389,260,135,630,123,16,358,332,237,31,42,85,5,971,26,15,7,11,18,978,41880,22530,2,4393,213,48,389,407,29,16490,65820,31890,40910,21220,58160,46200,21630,30750,4320,6130,10450,L414,1404,Schfhaus,Schaffhausen,,
294,565,22,501,97100,2900,0,99600,300,100,0,34000,1000,38000,78900,15900,101,1876900,1903300,1912200,1903200,1907800,529,123,56000,44000,0,642,241,767,85,364,144,376,324,682,190,310,5,700,180,87,19,13,25,4,921,24,18,-13,6,-8,970,83520,3320,2,3542,209,59,357,578,39,72840,21210,86870,6020,79660,13820,53000,21150,48600,2520,4580,7110,L514,1405,Schfhaus,Schleitheim,,
188,422,13,428,66600,33200,0,98500,500,900,0,52000,1000,62000,92400,19500,118,1875000,1902800,1916700,1882100,1891600,309,226,100000,0,0,325,487,268,411,235,239,388,271,310,467,204,28,482,299,165,26,28,63,12,848,20,18,5,3,7,868,50030,16770,7,5337,242,45,448,346,35,47750,39040,61030,17480,53070,30410,46050,23020,40050,2410,6930,9350,L614,1406,Schfhaus,Stein,,
270,534,18,488,85500,14100,200,96300,200,3400,0,38000,7000,33000,75100,13000,139,1875700,1901700,1921800,1899000,1893300,573,567,0,100000,0,220,645,11,852,28,441,376,373,142,722,267,463,235,630,111,9,15,48,322,918,27,17,-2,10,9,934,50160,6740,213,6933,3675,530,0,780,0,26800,62810,13070,73770,20450,67880,29580,50290,46280,2460,3320,5780,L115,1501,App,Ar,Hinterland,
257,517,16,481,88500,11400,0,98100,200,1500,100,39000,5000,31000,75400,15200,141,1876900,1907200,1927800,1883900,1895800,613,608,0,100000,0,221,635,7,865,21,469,365,393,137,726,315,462,221,640,111,14,13,43,354,926,26,17,-5,8,4,923,50270,4900,279,4940,2759,558,0,795,0,27500,60570,10530,74880,19580,67250,25090,51950,46650,2810,3640,6450,L215,1502,App,Ar,Mitterland,
274,555,20,474,91200,8700,0,98700,100,1000,100,32000,8000,24000,79900,11900,153,1877800,1910500,1926300,1901300,1905100,625,615,0,100000,0,191,694,15,870,48,447,391,392,122,763,343,504,232,653,88,14,12,42,490,949,27,17,-10,10,0,934,56080,3780,421,3250,1536,473,1,807,2,24390,66760,8380,75870,16890,71030,23250,50040,46850,1900,2820,4720,L315,1503,App,Ar,Vorderland,
324,749,13,423,6300,93700,0,99100,200,700,0,23000,7000,11000,77800,20400,183,1875800,1906800,1930000,1922200,1936000,760,755,0,100000,0,536,330,7,870,11,681,425,448,299,572,349,456,318,583,82,11,6,34,585,936,32,20,-4,12,8,924,70110,3100,364,7833,3141,401,0,757,0,59710,30650,7070,80740,33850,55260,10260,71780,49130,1650,4400,6050,L16,1601,App,Ir,Innerrhoden,
337,745,11,444,5100,94500,0,96500,100,3200,100,22000,12000,16000,80400,18900,109,1875300,1903800,1914400,1918200,1940000,507,438,76000,24000,0,509,357,135,662,114,474,423,327,387,457,242,219,452,405,112,22,10,48,146,923,33,18,-5,15,10,977,70380,4880,94,10606,2365,223,12,754,1,49540,40170,46460,35960,48260,38420,39900,38790,41450,4040,4170,8210,L117,1701,St,Gall,Gaster,
289,579,23,479,31900,67200,100,92700,400,6500,100,40000,5000,36000,76100,11000,162,1877000,1908100,1926800,1896600,1907800,478,470,0,100000,0,179,621,17,856,45,411,243,336,125,700,225,424,221,626,124,17,11,46,205,983,32,16,24,16,40,945,32300,13680,122,8264,2184,264,6,847,0,28600,58840,17920,68880,23960,63200,32480,47330,43420,4770,3290,8060,L217,1702,St,Gall,Gossau,
302,697,13,423,28600,71400,0,96100,200,3500,100,39000,8000,26000,83300,22200,150,1877700,1908400,1926400,1925000,1907000,589,535,95000,5000,0,395,496,92,783,129,502,425,390,277,608,286,288,450,432,93,15,9,27,270,878,28,19,-1,9,9,888,67500,7390,212,3083,322,105,84,704,14,49950,41070,32230,57670,41510,48980,37010,56120,47660,2080,3300,5380,L317,1703,St,Gall,"Rheinthal,Ob",
316,647,24,469,46000,53800,0,92400,100,7300,100,36000,9000,25000,76700,19500,163,1879900,1914900,1925700,1892200,1914400,535,489,100000,0,0,231,623,87,773,171,406,347,355,180,677,257,275,367,478,120,23,12,44,174,940,30,17,15,13,27,929,52720,15450,151,2510,262,104,59,711,41,31740,56150,28310,56970,30310,56490,38770,41880,41520,3470,3040,6510,L417,1704,St,Gall,"Rheinthal,Un",
286,570,33,472,28300,70900,100,90200,400,9000,200,42000,4000,37000,76200,14800,167,1874900,1911500,1926000,1902200,1906900,470,461,61000,39000,0,155,607,20,774,61,391,304,335,110,663,169,326,209,581,173,16,20,68,131,940,32,16,14,16,30,926,30120,23620,59,6874,1957,285,6,866,3,20360,56260,14490,65750,18010,60060,32170,43780,39990,7150,4220,11380,L517,1705,St,Gall,Rorschach,
135,367,24,324,51000,45800,2100,94000,1100,3400,300,68000,2000,82000,89300,25700,145,1876000,1905200,1921400,1890100,1860000,480,480,0,100000,0,12,621,0,721,21,429,329,393,7,660,130,311,10,677,258,12,43,81,105,785,21,15,7,6,13,803,28830,25890,44,6824,2189,321,0,948,0,1400,65230,280,78760,940,70830,12500,46060,41420,5180,7050,12230,L617,1706,St,Gall,St,Gallen
310,664,15,455,10300,89600,0,92400,200,6800,500,28000,12000,32000,80500,20100,131,1880000,1917800,1920500,1885200,1922900,489,417,33000,67000,0,420,410,146,643,143,430,374,324,331,486,190,64,581,253,115,34,16,43,35,962,29,18,0,11,11,965,68750,8340,33,16078,2199,137,11,904,2,52800,32350,45410,34910,49790,33400,37160,42590,40740,4700,3900,8600,L717,1707,St,Gall,Sargans,
269,597,9,442,17000,82800,100,96300,300,3100,100,35000,10000,30000,79000,20600,135,1875700,1907000,1922500,1913700,1909400,467,409,74000,26000,0,353,460,125,644,143,399,369,321,280,519,185,111,457,355,143,26,19,55,54,914,25,18,1,7,7,952,50290,6910,32,6916,2068,299,16,721,6,44440,39710,39950,42760,42630,40930,37660,41980,40190,6170,4920,11090,L817,1708,St,Gall,Seebezirk,
289,574,32,474,28700,70200,100,81000,300,18300,200,35000,5000,35000,71700,17100,180,1875500,1905900,1930000,1906600,1906100,518,510,7000,93000,0,136,672,15,849,59,413,281,357,93,735,172,372,215,600,157,18,10,65,118,944,34,18,32,16,48,933,25930,27470,60,8069,2161,268,19,868,0,26650,61860,15490,71500,21380,66410,34160,50790,47170,3590,3850,7440,L917,1709,St,Gall,Tablat,
329,774,2,424,14900,85000,0,98600,0,1300,0,32000,7000,21000,86900,19300,137,1875500,1906700,1925700,1930000,1940000,512,483,0,100000,0,395,536,56,842,65,434,421,328,284,637,280,346,424,483,74,14,5,31,339,993,29,18,-3,11,8,995,60870,2960,293,6913,1911,276,18,758,0,46580,47280,29390,61810,38880,53800,33880,51500,44820,1600,2090,3700,L1017,1710,St,Gall,"Toggnbrg,Alt",
319,609,24,505,66900,32800,0,92700,100,7000,100,33000,5000,30000,74500,13300,158,1874700,1910300,1924500,1919800,1860000,570,530,0,100000,0,304,553,70,754,109,420,396,347,223,623,257,290,342,488,140,17,12,56,206,956,29,19,-2,10,8,990,42500,8900,170,9279,4444,479,2,727,0,31030,59120,26520,58800,29210,58990,36740,40330,40460,3420,3270,6690,L1117,1711,St,Gall,"Toggnbrg,Neu",
289,564,14,500,69400,30500,0,94600,200,5000,0,29000,7000,21000,70600,17700,122,1875000,1905000,1921000,1886800,1885700,585,551,0,90000,10000,390,521,58,811,73,451,436,345,275,621,288,325,421,484,77,13,6,28,292,933,24,17,-4,7,3,993,58210,6120,260,10256,3184,310,0,826,0,48270,45880,36050,52840,42760,49010,38000,48590,45070,2490,2790,5270,L1217,1712,St,Gall,"Toggnbrg,Obr",
291,568,17,497,55200,44500,0,96700,200,3000,0,44000,4000,33000,79000,12700,148,1875700,1909400,1924300,1886400,1877800,524,508,0,100000,0,197,704,30,827,74,381,430,344,139,746,237,372,275,577,118,16,13,45,216,955,28,16,3,12,16,965,39460,6660,184,6615,1516,229,18,751,1,23860,68740,17970,70010,21300,69290,36570,43810,43360,1810,2910,4720,L1317,1713,St,Gall,"Toggnbrg,Unt",
278,575,11,473,84400,15500,100,98300,100,1200,200,34000,5000,28000,76600,18100,109,1893700,1922800,1913600,1904200,1905800,523,421,82000,18000,0,412,454,196,693,191,431,291,332,340,533,212,304,450,446,75,19,10,20,207,1011,26,15,-5,11,6,988,77360,3100,263,6777,664,98,41,791,3,46250,40040,45520,44880,45940,42090,41900,45090,42290,4070,2870,6940,L1417,1714,St,Gall,Werdenberg,
264,648,8,400,19100,80600,100,96600,300,2800,0,42000,5000,28000,86100,25500,127,1882100,1912100,1919300,1914500,1918200,426,401,10000,90000,0,326,504,59,688,74,377,398,307,244,560,209,192,404,403,160,14,19,65,106,981,25,20,15,5,20,968,37550,8210,120,7329,1003,137,36,813,3,42890,43860,39020,44780,41290,44240,39190,41960,41460,2890,6720,9610,L1517,1715,St,Gall,Wilter,
327,741,14,430,20300,79700,0,21600,200,4100,74100,23000,20000,18000,81100,17500,127,1878000,1921000,1922900,1883900,1935000,653,216,0,5000,95000,664,139,669,144,379,385,367,378,666,141,218,1,694,143,105,45,12,57,0,1254,25,20,-25,4,-20,975,68490,4710,0,27768,1283,46,10,986,0,65750,16090,77940,2060,70290,10860,41330,7070,37270,5740,2970,8720,L118,1801,Grisons,Albula,,
346,784,11,433,16400,83400,0,3400,600,94800,1100,39000,6000,34000,75500,20700,145,1904600,1940000,1930100,1917800,1940000,609,176,0,28000,72000,549,234,711,133,441,258,304,379,611,196,229,0,677,149,118,40,15,75,0,874,28,18,5,10,15,942,76820,15690,0,10433,1014,97,24,952,4,51780,39700,79930,5760,61390,28110,44470,7000,34150,5080,4370,9450,L218,1802,Grisons,Bernina,,
335,812,13,402,28400,71600,0,27700,200,1600,70400,22000,8000,24000,84400,19500,125,1890600,1923300,1920400,1925200,1940000,684,211,0,37000,63000,692,180,692,139,392,332,459,392,692,164,233,5,728,129,96,36,11,47,4,972,27,21,-1,6,5,990,74540,3110,4,23388,980,42,22,961,0,77290,14950,84030,3880,80170,10220,44770,16190,42710,2350,3620,5970,L318,1803,Grisons,Glenner,,
294,607,13,474,68700,31300,0,64000,300,4800,30900,43000,5000,42000,75700,24000,114,1882700,1920200,1916400,1891400,1911400,543,214,0,69000,31000,563,253,606,180,345,258,362,328,577,229,201,3,692,146,103,46,13,56,2,1067,24,18,-6,5,-1,1038,59830,5980,0,14290,776,54,23,939,0,70710,16940,77480,5860,73340,12650,40940,17960,38750,3500,3910,7410,L418,1804,Grisons,Heizenberg,,
244,565,12,419,89100,10900,0,51100,0,5500,43400,37000,0,34000,80600,20300,112,1897900,1935000,1918600,1901800,1894100,615,204,0,32000,68000,705,147,669,144,372,379,440,384,691,146,280,1,696,126,97,66,14,54,1,905,21,18,-4,3,-1,923,67830,5120,1,34065,1634,48,6,985,0,80970,9150,78020,2990,79820,6760,38000,17220,38880,4520,3790,8320,L518,1805,Grisons,Hinterrheim,,
326,724,16,438,45400,54500,0,39200,100,1900,58800,32000,8000,41000,87000,15900,161,1909900,1923400,1921400,1883000,1923100,541,260,0,85000,15000,459,319,519,251,365,286,346,337,479,296,196,5,703,144,115,24,14,54,4,1049,28,19,-9,9,0,1001,72070,3480,4,14061,658,47,35,961,0,60350,26600,72230,3410,65300,16940,46070,8380,41650,11160,6320,17490,L618,1806,Grisons,Imboden,,
280,541,15,504,62900,37000,0,13700,200,20700,65000,40000,7000,47000,70400,14700,140,1885700,1924200,1922900,1906400,1905600,538,176,0,0,100000,387,455,673,129,398,97,323,275,466,365,280,1,640,158,122,52,28,69,0,914,23,18,17,5,22,1218,56550,24430,1,15841,449,28,31,929,0,58730,19870,65850,4120,61760,13180,45310,13280,42490,6310,6260,12570,L718,1807,Grisons,Inn,,
161,478,13,318,73700,24700,900,85200,1400,5700,3000,40000,7000,37000,88500,22000,126,1908600,1930000,1920000,1893700,1890600,541,392,0,36000,64000,323,336,276,192,337,254,481,373,305,283,164,1,524,171,232,35,38,138,0,977,21,14,6,8,14,966,42600,28360,3,21006,3023,144,5,908,0,41490,37220,49510,8300,44420,26640,40770,11400,36580,18970,44530,63500,L818,1808,Grisons,"Landquart,Ob",,
296,598,20,478,73200,26700,0,92100,400,5800,1600,31000,11000,33000,79400,19000,146,1902700,1926700,1922300,1916100,1909700,597,202,0,97000,3000,548,245,662,178,382,271,285,339,587,222,203,7,705,160,97,28,11,47,4,1041,24,17,3,7,10,1093,63950,6860,8,10628,642,60,32,932,11,65460,22620,79410,8460,71110,16890,45200,20280,40480,14200,5560,19770,L918,1809,Grisons,"Landquart,Un",,
207,571,7,356,61000,38300,200,26700,900,38800,31800,59000,2000,62000,83800,24700,128,1901500,1935000,1924700,1912400,1897600,491,373,0,9000,91000,176,373,241,221,362,198,332,294,195,329,307,0,346,222,265,133,34,126,0,1019,22,15,28,8,35,1122,31970,32240,0,51362,1231,24,1,998,0,27780,35930,27660,11330,27740,27980,32230,13090,32320,62650,30120,92760,L1018,1810,Grisons,Maloja,,
314,692,24,434,800,98600,0,1500,500,97700,300,27000,7000,30000,76500,28700,167,1884300,1925900,1927900,1915400,1922800,734,133,47000,42000,11000,513,300,819,74,579,175,331,463,655,195,254,0,696,118,136,37,12,83,0,788,26,22,-1,4,3,850,74920,11830,0,8405,132,16,17,943,9,58420,31260,82430,3650,69460,18560,54570,9030,45980,6680,5550,12230,L1118,1811,Grisons,Moesa,,
317,709,10,440,43800,56200,0,16000,400,4400,79200,17000,14000,15000,83100,13000,169,1874700,1930000,1930000,1897000,1895500,693,180,0,0,100000,673,196,740,66,437,193,511,414,701,142,321,0,669,203,85,29,14,52,0,905,28,20,-3,8,5,887,68920,11750,2,10936,496,45,58,913,0,73490,16010,82820,3520,77730,10340,48370,15450,45390,2730,9040,11770,L1218,1812,Grisons,Muensterthal,,
225,530,13,410,65700,33900,100,81700,700,7000,9900,43000,7000,59000,82800,23300,126,1881600,1919500,1919500,1904500,1881800,380,312,0,76000,24000,183,432,179,298,285,219,356,290,182,393,131,7,367,318,218,48,48,109,2,981,24,15,14,9,23,992,39380,14000,22,23541,1966,83,14,974,2,25420,43290,35500,19100,28390,36150,36900,15590,29520,62410,56680,119090,L1318,1813,Grisons,Plessur,,
404,868,8,460,700,99300,0,3700,200,4300,91700,21000,6000,26000,81700,20000,146,1877100,1927100,1925900,1937000,1946000,593,191,0,17000,83000,624,250,678,157,346,234,389,327,642,220,236,0,698,165,89,34,14,38,0,1024,31,20,3,11,14,1050,78730,4790,0,14972,694,46,26,900,0,71770,19090,82190,4770,76250,12930,46370,15890,43020,3870,6040,9910,L1418,1814,Grisons,Vorderrhein,,
258,571,14,438,86400,12900,100,95200,1100,3500,0,42000,5000,35000,81500,12400,115,1875700,1911100,1914800,1893800,1907800,407,356,100000,0,0,180,608,126,635,229,307,324,298,164,616,148,65,487,317,143,26,27,48,22,908,27,15,4,11,16,959,54040,7310,77,3063,282,92,272,619,18,33020,49700,42410,41430,36570,46580,43810,33590,37770,29520,39770,69290,L119,1901,Argovie,Aarau,,
341,624,24,529,30700,67500,1000,93300,1000,5300,0,34000,5000,28000,74500,14700,137,1874900,1901900,1921000,1884500,1912300,449,338,94000,6000,0,226,649,247,515,307,243,434,288,232,610,162,89,502,313,144,20,21,63,35,1017,33,17,9,16,25,1031,45720,11120,46,4204,268,64,282,565,39,30970,59170,48520,32960,37030,50120,45240,22700,34520,11940,13260,25200,L219,1902,Argovie,Baden,,
284,642,9,434,9500,90000,300,98700,500,700,0,30000,8000,26000,83400,22400,125,1874300,1897500,1919600,1882800,1916200,528,444,89000,11000,0,409,477,159,687,179,447,429,359,319,552,242,258,418,449,104,15,15,30,188,881,27,20,1,8,9,928,62390,2900,239,4269,366,86,243,635,7,53700,37470,42320,46740,48340,41840,41260,52650,47120,7060,11480,18540,L319,1903,Argovie,Bremgarten,,
304,576,10,519,88800,10900,200,96700,800,2400,0,44000,4000,25000,76600,17400,119,1876200,1911400,1915800,1885100,1907800,499,245,97000,3000,0,414,419,508,330,372,275,318,325,445,390,223,105,595,279,85,21,19,34,47,985,26,18,4,7,11,1004,55580,4560,36,3589,182,51,262,532,72,53760,31070,64460,23820,58380,27940,47690,36820,43190,13050,9920,22970,L419,1904,Argovie,Brugg,,
272,598,11,444,95800,4000,100,99000,500,400,0,38000,5000,28000,80200,24000,109,1875300,1905300,1913900,1883900,1909800,608,510,26000,74000,0,367,529,160,745,219,475,371,391,286,613,212,169,474,405,87,20,14,29,93,906,26,17,-3,9,6,917,65650,1850,212,3415,480,141,227,664,2,45330,47160,40420,52250,43000,49580,44610,50020,47460,6940,9540,16480,L519,1905,Argovie,Kulm,,
332,694,20,462,7900,91800,100,92900,300,6700,0,35000,7000,23000,78900,17200,124,1874700,1900900,1919800,1879100,1923700,612,360,100000,0,0,488,407,412,491,309,391,330,347,462,436,289,166,605,303,61,20,12,22,150,944,27,19,4,8,12,1027,68650,11330,173,3694,162,44,254,629,37,73660,19180,68680,23610,71260,21320,46550,53480,48290,6460,5370,11830,L619,1906,Argovie,Laufenburg,,
279,596,13,455,91800,7800,200,96800,200,300,0,43000,3000,29000,80800,15300,104,1876300,1905700,1911500,1903800,1909700,491,389,90000,10000,0,313,556,208,634,248,361,373,331,278,582,219,175,467,394,105,19,15,32,100,918,25,16,1,9,11,956,61910,4520,102,3169,337,106,293,633,17,50840,38480,48660,40320,49920,39260,41330,43540,42400,10820,11860,22680,L719,1907,Argovie,Lenzburg,,
341,770,12,434,4900,95000,100,99500,200,300,0,26000,9000,25000,84500,21800,133,1874800,1904300,1923500,1882300,1940000,432,321,83000,17000,0,663,243,258,586,137,496,405,290,545,343,238,186,501,373,91,20,14,24,150,959,27,19,-4,8,4,983,60090,1270,116,7179,707,98,183,673,0,72560,20460,62520,26550,68080,23170,40910,51040,44560,3950,6150,10100,L819,1908,Argovie,Muri,,
295,573,23,495,19700,79400,100,95500,600,3700,100,34000,6000,24000,78900,8700,114,1877300,1904100,1917800,1902500,1907100,470,309,100000,0,0,415,454,342,498,269,329,353,309,392,467,208,89,578,282,100,20,21,32,55,1002,28,17,-3,11,8,981,61670,12840,73,4176,253,61,237,668,16,55600,30160,62100,21450,58450,26330,46640,35760,43910,7680,8600,16270,L919,1909,Argovie,Rheinfelden,,
280,646,10,425,95100,4700,0,98300,700,900,0,39000,5000,31000,82800,20000,110,1876700,1910300,1915700,1903600,1913900,454,397,88000,12000,0,306,547,126,711,169,391,353,330,246,602,166,150,470,394,102,16,17,28,62,914,27,15,-6,12,6,927,58090,2720,122,3640,714,196,342,578,1,42380,47350,42120,47810,42270,47560,44400,44800,44560,16030,14960,30990,L1019,1910,Argovie,Zofingen,,
337,692,15,476,18600,79000,2100,97200,500,2200,0,35000,4000,39000,78800,14200,148,1875100,1911800,1921000,1877700,1919600,558,296,98000,2000,0,510,370,468,384,326,353,393,345,495,375,231,54,613,237,106,25,18,38,39,1031,26,20,-5,7,1,1006,65160,6690,69,4471,225,50,318,497,32,62520,29220,68980,21110,65340,25670,46140,35940,43700,6260,6780,13040,L1119,1911,Argovie,Zurzach,,
294,529,41,518,60200,38600,100,88300,400,11000,100,48000,2000,41000,72700,9400,155,1874000,1900400,1923400,1879100,1892800,427,400,100000,0,0,197,593,64,740,121,343,281,296,158,636,206,212,352,436,177,20,15,85,98,992,30,15,19,15,34,995,34260,21520,349,4596,551,120,95,834,2,27300,56710,29980,52590,28330,55130,40500,36500,38270,51650,19300,70950,L120,2001,Thurgove,Arbon,,
261,543,20,460,67000,32300,0,91100,500,8200,100,46000,4000,33000,78300,15200,134,1877100,1911200,1919100,1880600,1900300,505,463,49000,51000,0,286,590,83,754,134,404,411,346,216,647,237,206,367,435,164,19,14,73,113,945,26,15,12,11,23,943,33060,13650,378,6315,697,110,142,720,4,36400,51400,32380,52500,34620,51890,41510,44900,44380,10300,14410,24710,L220,2002,Thurgove,Bischofszell,,
327,592,28,531,63800,35000,800,91800,600,7400,0,42000,2000,29000,76800,17100,130,1873900,1895700,1920300,1877200,1886900,499,263,100000,0,0,401,487,473,413,341,272,308,305,423,464,200,28,578,269,114,20,19,41,16,983,25,25,18,0,18,1088,47180,16860,47,6217,295,47,337,488,23,54890,37320,63850,26230,58510,32840,44080,32260,40400,4430,10570,15000,L320,2003,Thurgove,Diessenhofen,,
252,490,18,496,71100,28300,0,96700,400,2600,100,50000,3000,36000,83000,11500,146,1875200,1915500,1921800,1879500,1882800,482,337,75000,25000,0,337,510,301,497,298,316,385,321,325,506,204,104,493,331,137,22,16,66,59,1040,25,15,-1,10,9,988,39190,9180,129,6555,351,53,182,550,31,39070,50260,50160,33790,43460,43740,45720,30610,39620,9150,15020,24160,L420,2004,Thurgove,Frauenfeld,,
238,473,26,473,64600,34500,400,93800,500,5300,0,50000,4000,43000,78700,13200,144,1875300,1908100,1924000,1879000,1887000,400,325,78000,22000,0,311,511,187,562,196,308,363,288,275,526,215,143,441,356,165,22,16,72,82,972,24,16,5,8,13,994,37510,25650,251,5176,418,81,227,620,17,39370,47350,44490,35180,41470,42360,44000,34070,41020,12060,24810,36870,L520,2005,Thurgove,Kreuzlingen,,
291,649,13,437,43900,56000,0,96100,100,3700,0,42000,5000,21000,82500,15000,141,1874500,1908200,1922100,1880300,1918800,527,438,13000,87000,0,408,518,169,711,173,410,452,336,328,583,267,230,486,381,104,20,8,51,168,989,26,16,8,10,19,1004,41480,6790,410,6298,555,88,103,677,5,50130,43780,45590,43490,48090,43650,42560,44730,44900,4290,9420,13710,L620,2006,Thurgove,Muenchwilen,,
278,553,18,486,66700,33100,0,97000,700,2000,100,35000,6000,30000,80900,15400,108,1876400,1904200,1913800,1884300,1902600,505,303,70000,30000,0,517,390,400,445,253,333,422,304,481,407,244,71,569,290,103,23,14,47,49,1027,23,15,1,7,8,1069,49100,9640,59,6675,410,61,199,527,33,58210,32470,65410,21180,61270,27680,45290,32460,42420,5210,6530,11750,L720,2007,Thurgove,Steckborn,,
237,485,18,469,75000,24600,0,92400,300,7100,0,48000,5000,34000,79100,10100,134,1874600,1906900,1920300,1884200,1886700,544,391,64000,36000,0,404,497,280,580,270,384,429,348,361,526,251,170,492,354,123,23,7,58,101,970,22,16,3,6,8,972,38030,13080,256,5607,403,72,193,639,23,47700,44200,52170,36480,49640,40840,45700,38840,43490,4910,6420,11320,L820,2008,Thurgove,Weinfelden,,
350,639,24,530,3300,91700,0,5400,400,94000,100,34000,7000,26000,65800,16300,179,1910900,1940000,1929500,1913600,1913200,480,180,88000,12000,0,335,287,624,190,472,241,191,324,428,256,153,0,654,143,155,26,22,87,0,964,34,21,4,13,17,966,61530,17510,0,4236,141,33,42,612,80,43480,22370,74390,10070,55640,17530,52610,22610,39350,38440,10460,48890,L121,2101,Ticino,Bellinzona,,
257,693,19,353,300,96400,0,200,200,99400,100,22000,5000,16000,83000,43100,149,1906600,1927000,1922900,1899500,1917700,899,82,34000,63000,3000,668,191,909,19,663,126,424,591,811,90,198,0,796,80,88,27,9,51,0,594,26,23,-4,2,-2,666,81360,9040,1,2947,23,8,56,872,23,73960,16980,89760,2050,82540,8870,59050,12530,54300,1460,3720,5180,L221,2102,Ticino,Bienio,,
306,706,6,429,1700,96000,0,3200,300,96300,100,30000,3000,28000,78900,30700,151,1898300,1930000,1930000,1913900,1917500,672,149,16000,31000,53000,522,216,779,70,507,182,284,408,627,157,207,0,708,116,134,29,13,88,0,855,27,22,-1,6,4,899,68190,15950,0,5264,74,14,23,874,16,62320,16450,80330,3220,70380,10530,51100,13690,44780,12740,8470,21210,L321,2103,Ticino,Leventina,,
252,603,18,399,2700,95700,0,3700,800,95000,100,35000,8000,28000,75600,33400,176,1901000,1940000,1940000,1913500,1910400,690,250,72000,25000,3000,372,387,637,212,607,331,362,475,498,304,203,25,644,160,142,34,20,74,11,754,25,20,3,5,8,773,63050,18150,22,4419,140,32,44,546,53,51320,29980,70810,16210,61420,22840,59750,36780,51830,7630,9420,17050,L421,2104,Ticino,Locarno,,
270,580,20,447,2900,92700,100,3700,700,95200,100,27000,10000,27000,76300,19600,198,1911000,1935000,1935000,1904100,1907800,591,260,67000,30000,3000,212,527,561,246,645,243,337,407,354,413,192,13,597,163,184,36,20,95,6,832,29,21,8,8,16,874,55720,22600,8,3344,168,50,96,504,82,43600,33500,69120,13290,55540,24040,58240,25870,46800,12610,16560,29180,L521,2105,Ticino,Lugano,,
283,563,4,500,1100,96500,0,1600,300,97900,100,22000,15000,24000,72800,17500,199,1907000,1935000,1935000,1904000,1906900,482,352,82000,18000,0,238,409,269,549,378,420,217,350,249,458,165,6,504,208,216,48,24,102,3,923,30,22,7,8,15,906,58430,24830,11,2815,372,132,218,402,48,39030,31740,48320,35580,43260,33480,50810,48330,45490,47710,27150,74860,L621,2106,Ticino,Mendrisio,,
397,692,35,552,4300,84200,0,4100,200,95400,200,39000,0,28000,66100,29100,148,1895400,1928500,1930000,1908000,1917000,589,141,100000,0,0,516,199,761,82,462,193,242,367,606,156,165,0,647,99,206,37,10,124,0,927,38,23,-8,15,7,944,67720,18720,0,5834,173,30,28,732,20,70070,8760,75710,3900,72210,6910,39830,21400,37990,21210,5770,26980,L721,2107,Ticino,Riviera,,
223,789,9,274,200,99500,0,5300,100,94600,0,28000,5000,20000,81500,50600,142,1898900,1932000,1929100,1916000,1935000,1040,60,67000,19000,14000,676,191,942,20,688,141,310,612,839,86,255,22,775,106,82,30,6,48,5,581,21,24,-5,-3,-8,600,86280,6120,4,7187,154,21,20,703,12,65190,25000,92020,1370,79950,12010,63300,6280,54990,2430,3210,5630,L821,2108,Ticino,Vallemaggia,,
279,524,26,508,80400,18700,100,8700,84400,5500,0,35000,3000,17000,69000,13800,136,1889600,1926000,1922600,1910800,1903000,355,277,80000,1000,19000,500,272,219,277,122,244,412,241,432,274,176,2,598,185,157,35,26,57,1,1069,27,17,-2,10,8,1052,52300,10130,3,11982,830,69,29,854,19,56690,25700,57820,12080,57090,20800,36390,20870,35940,12730,16960,29700,L122,2201,Vaud,Aigle,,
299,572,18,507,96300,3400,0,5900,92800,1200,0,31000,5000,9000,73500,10100,130,1881300,1914900,1919000,1879400,1906800,255,226,4000,96000,0,682,190,114,403,34,309,444,174,583,227,194,5,650,190,102,31,27,39,3,1055,25,19,-10,5,-5,1065,55710,3730,6,8389,631,75,283,613,40,71560,18410,72970,10550,72100,15360,39230,26620,38770,5230,10190,15420,L222,2202,Vaud,Aubonne,,
279,569,28,463,91200,7100,1500,22500,75200,1600,0,40000,5000,23000,78300,14700,145,1890000,1914200,1918300,1907300,1907200,276,212,66000,34000,0,639,221,230,270,87,244,486,209,554,231,175,6,589,236,133,22,21,39,4,1004,25,20,-12,5,-6,979,50380,4720,2,8125,300,37,272,649,32,67430,24220,69130,14010,68060,20470,37350,25160,36770,4350,12070,16420,L322,2203,Vaud,Avenches,,
284,509,19,541,94000,5600,200,5500,91300,3100,0,44000,3000,16000,69600,12500,137,1884700,1918400,1920100,1903400,1892300,231,201,18000,82000,0,655,246,127,444,34,249,444,155,573,277,192,22,644,196,107,36,17,39,9,1115,23,18,-3,5,2,1124,49280,5200,8,10872,779,72,258,659,7,68690,21420,72850,13190,70160,18510,36720,25200,35370,3140,4290,7430,L422,2204,Vaud,Cossonay,,
339,618,21,533,74900,24700,200,4200,94400,1400,0,33000,4000,10000,73000,12100,152,1884100,1919700,1926500,1914400,1912400,255,166,0,100000,0,760,161,351,326,86,293,453,170,690,189,203,8,686,177,88,31,17,31,5,1115,25,20,-7,6,-2,1092,56730,2480,6,8477,536,63,314,617,0,79810,13940,84280,7240,81560,11320,40350,24960,39050,1560,3640,5200,L522,2205,Vaud,Echallens,,
270,510,24,506,95100,4400,0,5400,93000,1300,0,30000,3000,17000,71800,13200,130,1878700,1911600,1922000,1897400,1903000,319,296,30000,20000,50000,379,503,74,651,54,276,407,227,309,537,195,209,463,387,109,22,19,33,86,1003,25,16,-17,8,-9,1025,63970,3500,69,8710,516,59,287,576,27,64510,39590,50290,34710,59330,37820,30860,33420,36410,2550,4380,6940,L622,2206,Vaud,Grandson,,
171,373,26,418,73200,23100,1300,13700,73600,8400,100,47000,2000,33000,78100,19500,129,1881900,1913600,1920400,1889600,1874400,344,337,11000,89000,0,108,443,20,399,72,275,353,297,82,430,99,16,213,394,258,31,104,99,2,904,23,15,26,7,33,895,30220,19950,5,5214,770,148,227,629,58,15000,48470,21820,32110,16980,43730,37260,21290,28990,9040,12110,21150,L722,2207,Vaud,Lausanne,,
280,514,5,540,94200,5200,0,3300,94600,2000,0,45000,1000,26000,68800,17200,132,1884900,1921400,1920000,1880400,1879000,349,342,0,0,100000,203,644,22,724,35,272,355,250,157,664,234,256,368,457,117,45,13,32,94,1147,28,16,-11,11,0,1014,70180,4530,154,19793,2010,102,50,840,1,33890,52140,32140,43530,33390,49680,27500,25030,28560,3940,3970,7910,L822,2208,Vaud,La,Vallee,
263,497,18,512,93200,6200,100,4900,91700,2800,0,33000,4000,16000,71200,13400,118,1889000,1915500,1920900,1903400,1899200,353,193,56000,44000,0,657,190,453,264,186,316,381,249,606,208,164,4,683,164,104,38,10,44,2,1051,25,18,-7,7,0,985,49670,5140,1,5563,596,107,137,669,109,67880,20760,78160,8640,71880,16040,42350,20980,38950,4400,4510,8910,L922,2209,Vaud,Lavaux,,
238,473,15,487,89600,9300,300,7000,89500,3000,100,37000,2000,18000,72100,17300,134,1877800,1915500,1921000,1908900,1902000,258,228,78000,22000,0,513,287,115,418,54,269,372,202,432,314,165,11,571,223,136,36,34,41,4,993,24,18,2,6,8,996,39580,7200,5,7774,581,75,222,636,83,58530,29330,63930,16980,60530,24770,39040,25350,36970,5860,7240,13100,L1022,2210,Vaud,Morges,,
300,553,33,512,93000,6300,300,6600,91700,1600,0,29000,2000,12000,74100,9900,151,1881400,1915700,1926200,1887800,1905100,312,248,0,100000,0,604,289,205,515,83,322,412,211,520,337,187,70,553,292,98,34,22,40,38,1077,27,18,-7,8,2,1059,49310,3560,35,8677,640,74,296,589,0,62530,28940,66930,21210,64200,26010,39550,30930,37930,2090,4370,6460,L1122,2211,Vaud,Moudon,,
220,430,13,497,80800,17700,500,7600,88800,2900,0,25000,3000,13000,76200,18900,132,1888900,1921800,1919400,1902200,1860000,320,295,69000,28000,3000,487,309,81,468,49,318,405,236,391,346,152,4,518,236,173,43,30,59,1,1033,21,17,-1,4,2,989,36380,14190,3,9873,910,92,210,629,69,48850,33890,55120,18720,50960,28790,36340,21850,33600,3830,7630,11460,L1222,2212,Vaud,Nyone,,
322,509,25,615,88100,11400,0,5300,88500,6100,0,39000,3000,14000,57500,10900,151,1877100,1923700,1924400,1909500,1860000,307,280,19000,81000,0,386,482,86,623,53,245,356,200,326,510,179,42,570,242,132,33,23,52,19,1100,28,17,4,11,15,1088,49950,9390,19,8095,445,55,315,576,34,49860,37270,57510,22390,52340,32450,35610,22360,32410,4650,4170,8820,L1322,2213,Vaud,Orbe,,
295,523,24,543,94200,5700,0,3500,95100,1400,0,35000,3000,5000,62800,13800,142,1883600,1915500,1921100,1904700,1906300,215,146,0,100000,0,701,173,318,356,77,275,322,155,642,201,202,5,656,204,94,36,10,36,3,1117,27,19,-11,9,-2,1049,52960,2000,1,7169,957,133,236,700,1,69830,20250,81060,8580,73970,15950,40420,19850,36890,3890,3810,7700,L1422,2214,Vaud,Oron,,
324,605,32,511,87500,11900,300,11500,86400,1900,0,28000,2000,16000,76200,14500,186,1884400,1918800,1925100,1908900,1910500,342,284,70000,30000,0,542,289,171,498,91,355,383,242,452,339,165,17,558,261,129,26,26,43,7,1051,29,18,-10,11,1,1027,56290,3530,6,8001,441,55,362,559,0,55630,31760,57470,27450,56360,30050,40390,36170,39610,4200,5100,9300,L1522,2215,Vaud,Payerne,,
287,590,13,475,92800,6900,0,11200,85300,2000,100,29000,8000,12000,72600,19400,120,1885900,1916400,1916900,1910800,1908400,364,304,0,75000,25000,577,223,166,335,96,358,479,270,466,253,204,4,631,223,97,36,13,45,3,1052,27,17,-2,10,9,996,64830,4930,2,24330,6048,249,2,913,0,66670,21590,69960,12000,67910,17990,38690,25050,37550,3810,4550,8360,L1622,2216,Vaud,Paysd'enhaut,,
253,472,12,525,87400,11900,100,7200,90000,2200,0,40000,3000,16000,68600,18900,104,1876200,1906100,1911900,1904400,1894500,284,237,83000,17000,0,609,219,165,366,66,304,415,207,518,249,161,1,581,194,157,40,26,45,0,1046,24,16,-6,8,1,1062,39730,9850,1,6123,519,85,198,531,196,62450,21690,65570,13360,63570,18700,37050,25670,35920,4130,7530,11660,L1722,2217,Vaud,Rolle,,
177,410,22,398,68000,30200,600,19200,67700,9700,100,46000,1000,26000,78500,21700,137,1890000,1917200,1920900,1902400,1860000,435,418,86000,14000,0,168,443,41,457,111,349,401,342,124,448,114,14,269,330,301,36,63,97,1,875,24,15,14,9,23,863,28090,21060,2,7104,341,48,33,731,103,18500,50690,19700,42640,18940,47720,38410,33010,36940,5040,7830,12870,L1822,2218,Vaud,Vevey,,
270,472,26,547,90000,8800,500,9400,88300,2100,0,33000,2000,19000,64000,9200,138,1892600,1917500,1922500,1902600,1903300,277,241,56000,44000,0,466,269,129,454,65,299,285,202,398,307,141,15,527,257,153,35,28,47,6,1044,26,19,-5,7,2,1013,46360,4980,8,9850,537,55,301,592,14,56590,27800,59600,21020,57690,25320,37800,30380,36590,10310,5010,15320,L1922,2219,Vaud,Yverdon,,
385,750,30,493,5100,94500,100,72900,6700,20300,0,33000,6000,16000,71400,28400,146,1885600,1927100,1928800,1922300,1940000,385,186,0,77000,23000,381,387,517,148,286,101,298,227,412,333,146,1,599,173,150,54,23,74,1,1442,33,17,-21,16,-5,1175,54190,18840,0,10814,552,51,34,942,1,42660,39670,71650,5440,52370,28210,45810,6460,33480,8810,4810,13630,L123,2301,Valais,Brig,,
381,695,20,535,400,99500,0,400,99500,100,0,35000,3000,8000,68800,16800,135,1902600,1932000,1925900,1920700,1929000,246,87,22000,51000,27000,819,124,647,174,140,224,396,171,790,133,217,0,810,109,65,7,9,23,0,1067,32,19,-9,13,5,1071,94200,440,1,5746,160,28,39,841,47,85030,10610,92940,3080,88440,7370,45250,17970,43060,1040,2340,3380,L223,2302,Valais,Conthey,,
312,690,25,431,400,95100,0,200,99300,400,100,37000,2000,14000,78100,23700,130,1894400,1932000,1930000,1886000,1923600,334,108,0,84000,16000,813,116,676,141,192,258,425,223,782,121,262,8,790,115,67,19,8,32,7,1042,24,18,-6,5,-1,1028,92730,1160,4,9588,219,23,52,916,7,84540,9560,87630,2740,85950,6440,46650,19460,45760,1550,3410,4960,L323,2303,Valais,Entremont,,
351,960,21,352,200,99800,0,99400,400,200,0,42000,2000,4000,89400,30800,183,1904100,1927000,1935000,1935000,1946000,621,113,0,0,100000,844,71,818,78,358,386,413,365,834,74,271,0,737,130,72,35,26,33,0,970,27,22,-6,5,-1,992,82100,650,0,15799,277,18,29,958,0,81020,5200,85200,1100,82920,3340,46630,14950,45380,1050,2920,3960,L423,2304,Valais,Goms,,
359,810,14,433,200,99800,0,200,98700,1100,0,30000,4000,6000,77500,22800,124,1894800,1935000,1935000,1935000,1940000,479,56,0,26000,74000,856,93,883,60,307,216,326,301,864,83,230,7,784,113,48,48,8,29,3,997,31,19,-5,12,7,1037,94000,1250,3,14798,283,19,34,940,6,84080,7020,89710,1400,86750,4360,49000,15240,47380,810,2040,2850,L523,2305,Valais,Herens,,
385,815,23,457,1500,98500,0,79700,2900,17300,0,34000,4000,6000,72300,22400,212,1881800,1930000,1935000,1907900,1940000,443,126,0,48000,52000,516,382,715,97,310,76,372,245,565,312,214,0,771,107,58,45,18,34,0,988,28,20,14,8,22,1155,64750,16710,0,8703,230,26,40,906,15,77480,10250,85960,2250,81230,6720,46780,14830,44200,2370,2870,5240,L623,2306,Valais,Leuk,,
353,669,34,503,3100,95400,0,2600,91700,5600,0,37000,3000,13000,68700,18200,146,1896900,1928500,1927400,1914900,1917000,336,190,59000,33000,8000,637,240,434,253,164,233,423,223,592,243,218,1,719,131,111,22,16,46,1,1053,30,20,3,10,13,1087,72630,7990,1,4612,194,42,62,779,53,71380,17940,78960,9010,74500,14270,43590,25970,41120,3040,3760,6790,L723,2307,Valais,Martigwy,,
334,683,26,469,4700,94800,100,3800,88800,7000,0,45000,3000,11000,73400,27000,169,1901500,1929400,1929700,1901200,1917900,310,220,70000,24000,6000,526,311,288,320,126,212,388,208,477,313,217,11,613,186,135,47,19,61,3,1053,31,20,3,10,13,1040,68160,11530,3,9302,912,98,23,848,9,60650,24510,65540,12070,62610,19540,41880,24730,40010,5450,5050,10500,L823,2308,Valais,Monthey,,
372,764,22,472,700,98900,100,65300,1800,32900,0,28000,4000,8000,67000,18900,158,1911300,1935000,1935000,1935000,1946000,507,147,0,31000,69000,597,172,351,262,160,331,352,245,537,194,229,0,823,105,39,20,13,18,0,1028,27,17,33,10,43,1468,55340,31400,0,8849,254,29,42,930,4,89030,6110,92300,2340,90570,4340,47980,25420,47080,960,1290,2250,L923,2309,Valais,Raron,,
334,655,23,492,3100,96500,0,2300,95300,2300,0,49000,4000,16000,69600,20800,144,1899500,1925900,1922800,1912600,1916300,368,238,55000,37000,8000,597,172,351,262,160,331,352,245,537,194,236,16,624,164,141,54,16,66,15,1176,26,20,-9,7,-2,1077,72520,4270,2,7130,331,46,35,849,15,47670,36010,68950,8250,55400,25920,45230,11560,36340,8840,7400,16240,L1023,2310,Valais,St,Maurice,
395,848,24,450,3100,96600,100,9600,84200,6100,0,35000,2000,8000,76700,16300,160,1882700,1932000,1930000,1918000,1929500,321,128,0,51000,49000,639,243,600,123,210,125,400,221,631,216,200,0,780,113,67,21,19,25,0,1026,35,21,8,14,22,1036,70280,7000,0,10181,232,23,29,842,30,76010,14780,88320,1960,81110,9460,45150,8580,41470,2410,3560,5980,L1123,2311,Valais,Sierre,,
299,739,15,392,3300,96500,100,14800,83100,2000,100,39000,4000,19000,81100,27600,164,1902100,1929600,1928000,1919700,1927200,298,194,0,93000,7000,534,242,348,285,169,268,338,238,490,253,163,3,681,154,104,28,33,41,1,988,28,19,-1,9,8,980,67640,5140,4,4457,142,32,61,747,104,69850,17380,80770,7760,74030,13700,41780,21700,38290,4450,9600,14060,L1223,2312,Valais,Sion,,
412,935,19,428,900,99100,0,94600,1100,4200,0,23000,4000,6000,74300,26100,168,1878500,1932000,1930000,1913000,1940000,518,117,0,25000,75000,658,193,773,93,346,179,287,310,694,162,254,0,682,97,90,113,18,50,0,1001,34,19,2,15,17,1041,79380,4140,0,7823,279,36,54,892,8,67430,7170,70740,1870,69000,4660,48620,19020,47420,5570,2440,8010,L1323,2313,Valais,Visp,,
210,467,12,435,91100,8500,0,14000,82600,2700,0,44000,1000,29000,78000,19400,136,1884800,1915300,1919200,1900100,1902000,294,284,67000,33000,0,364,412,36,539,34,314,398,259,279,445,144,74,435,334,155,36,40,51,14,945,23,17,2,5,7,910,35090,7080,20,6339,426,67,326,482,139,44870,39520,37400,29230,42620,36420,26400,24140,30090,4410,8380,12790,L124,2401,Neuchatl,Boudry,,
183,378,18,459,80000,15500,2300,11400,86100,2300,0,43000,3000,22000,76700,14200,145,1885500,1918500,1923200,1891400,1893700,401,395,0,88000,12000,70,703,15,715,90,316,351,313,53,707,145,337,90,698,167,16,29,43,74,906,24,15,-5,9,4,882,47280,8030,90,16445,6113,372,24,899,0,8200,73920,10230,69780,8860,72570,37610,31320,32580,3790,5000,8790,L224,2402,Neuchatl,La,Chauxdfnd,
222,456,12,474,85400,13900,0,7100,91500,1300,0,40000,2000,25000,74900,16400,141,1879000,1919800,1927400,1894900,1903000,381,368,0,71000,29000,178,643,33,734,72,324,354,296,135,670,143,266,248,551,151,24,25,46,77,912,26,15,-14,12,-2,916,53700,6790,69,20835,7270,349,81,741,0,19210,68850,23490,58630,20640,65450,37950,29860,33340,3230,6050,9270,L324,2403,Neuchatl,Le,Locle,
182,457,14,380,80700,17700,400,21300,73200,3800,100,50000,2000,36000,81700,21500,125,1884700,1908700,1925200,1895800,1899000,326,319,93000,7000,0,143,466,21,446,61,294,372,303,106,460,95,27,229,388,238,42,102,75,5,869,23,15,4,8,11,834,36110,11490,10,6670,440,66,434,383,102,15620,52470,14700,45680,15340,50390,29360,27760,30620,8730,11130,19860,L424,2404,Neuchatl,Neuchatel,,
252,522,12,470,93700,6200,0,11900,86500,1500,0,31000,5000,21000,83000,11300,102,1876700,1902300,1911500,1896200,1905100,420,394,0,100000,0,386,479,62,668,64,374,461,299,289,536,160,143,436,389,125,34,17,56,39,1023,27,15,-10,12,2,970,41380,3820,65,15596,1463,94,192,728,1,44150,46360,38460,42200,42130,44890,32300,33270,35390,2880,5590,8460,L524,2405,Neuchatl,Val,de,Ruz
273,509,16,522,87000,12600,0,8200,87500,4200,0,39000,2000,24000,70200,16700,158,1879800,1919400,1924100,1891300,1902000,382,369,0,93000,7000,210,629,34,684,57,288,394,271,162,644,163,204,280,503,159,38,20,54,63,989,27,16,-6,11,5,968,44180,8270,64,14617,1787,122,252,673,0,33850,52460,24920,53260,30980,52720,25910,32530,32200,3690,4730,8420,L624,2406,Neuchatl,ValdeTravers,,
130,255,41,416,47500,47300,2000,14300,74000,9200,100,53000,2000,55000,79700,21600,122,1881500,1916300,1919000,1840000,1840000,467,466,100000,0,0,12,502,1,479,41,349,376,360,8,493,116,27,4,388,487,14,106,172,5,858,17,17,-2,0,-2,845,25810,36750,20,0,0,0,0,0,0,340,44230,210,43960,300,44150,21690,31400,31540,6110,9000,15110,L125,2501,Geneve,V.,De,Geneve
155,298,15,496,53000,44600,300,10700,81700,5800,0,48000,3000,56000,72600,15900,115,1879400,1910000,1919000,1840000,1840000,312,298,100000,0,0,285,421,44,501,50,289,347,255,223,442,117,13,453,287,188,48,24,88,3,996,17,16,22,2,23,919,18050,30210,11,8757,1276,146,213,585,104,34780,51190,46450,26200,38160,43960,35220,17250,28940,4110,10660,14770,L225,2502,Geneve,Rive,Droite,
138,270,24,465,42200,52500,1300,8700,80100,7400,100,41000,2000,50000,74500,19300,115,1882200,1912000,1919000,1840000,1840000,358,349,100000,0,0,164,472,25,509,64,327,366,311,120,484,110,12,310,351,268,31,39,103,2,902,19,17,27,2,29,843,19140,36500,11,6132,608,99,228,553,94,24100,54810,32410,33510,26540,48550,35920,20310,29420,5260,9070,14320,L325,2503,Geneve,Rive,Gauche,